type,value,confidence,first_seen,last_seen,source_count,sources,reason
md5,0377ca97ac0ca35f9134052fede67a81,high,2026-10-10T09:02:22.399295+00:00,2026-10-10T09:02:22.399295+00:00,1,www.bitdefender.com:2026-10-10,Listed as part of a malware sample set
md5,05ae89e761a890fa24f80f4be7263651,high,2026-10-10T09:02:22.399295+00:00,2026-10-10T09:02:22.399295+00:00,1,www.bitdefender.com:2026-10-10,Listed as part of a malware sample set
md5,079298a7a506b376def4f4ff9a250672,high,2026-10-10T09:02:22.399295+00:00,2026-10-10T09:02:22.399295+00:00,1,www.bitdefender.com:2026-10-10,Listed as part of a malware sample set
md5,08d231c6a5303e543eb60d4181f6a4ea,high,2026-10-10T09:02:22.399295+00:00,2026-10-10T09:02:22.399295+00:00,1,www.bitdefender.com:2026-10-10,Listed as part of a malware sample set
md5,0903d7fd3e1d4a599a7eb3c5d356779b,high,2026-10-10T09:02:22.399295+00:00,2026-10-10T09:02:22.399295+00:00,1,www.bitdefender.com:2026-10-10,Listed as part of a malware sample set
md5,0a26a9d5f7ab91cb5eed852cf83ef078,high,2026-10-10T09:02:22.399295+00:00,2026-10-10T09:02:22.399295+00:00,1,www.bitdefender.com:2026-10-10,Listed as part of a malware sample set
md5,0b0d8e995e6ff24d4e9d00417446c25e,high,2026-10-10T09:02:22.399295+00:00,2026-10-10T09:02:22.399295+00:00,1,www.bitdefender.com:2026-10-10,Listed as part of a malware sample set
md5,0b8d3cd264c191f4884a25d0cc5318b5,high,2026-10-10T09:02:22.399295+00:00,2026-10-10T09:02:22.399295+00:00,1,www.bitdefender.com:2026-10-10,Listed as part of a malware sample set
md5,1150da1af88729e54a34b8da5a2741c7,high,2026-10-10T09:02:22.399295+00:00,2026-10-10T09:02:22.399295+00:00,1,www.bitdefender.com:2026-10-10,Listed as part of a malware sample set
md5,1414d4ef2d1191080abc59a407dcb6c5,high,2026-10-10T09:02:22.399295+00:00,2026-10-10T09:02:22.399295+00:00,1,www.bitdefender.com:2026-10-10,Listed as part of a malware sample set
md5,1da42505f1c83959c7f901f5139a158e,high,2026-10-10T09:02:22.399295+00:00,2026-10-10T09:02:22.399295+00:00,1,www.bitdefender.com:2026-10-10,Listed as part of a malware sample set
md5,20108557cacd24263e7e611afc327801,high,2026-10-10T09:02:22.399295+00:00,2026-10-10T09:02:22.399295+00:00,1,www.bitdefender.com:2026-10-10,Listed as part of a malware sample set
md5,20cefb2c667f945d482daded7e698eea,high,2026-10-10T09:02:22.399295+00:00,2026-10-10T09:02:22.399295+00:00,1,www.bitdefender.com:2026-10-10,Listed as part of a malware sample set
md5,250205ee4b8de59e60c745856f439608,high,2026-10-10T09:02:22.399295+00:00,2026-10-10T09:02:22.399295+00:00,1,www.bitdefender.com:2026-10-10,Listed as part of a malware sample set
md5,254bc5f6f81de1f3c47534e6febaf023,high,2026-10-10T09:02:22.399295+00:00,2026-10-10T09:02:22.399295+00:00,1,www.bitdefender.com:2026-10-10,Listed as part of a malware sample set
md5,294ab3f586d76772ae89add417cf6324,high,2026-10-10T09:02:22.399295+00:00,2026-10-10T09:02:22.399295+00:00,1,www.bitdefender.com:2026-10-10,Listed as part of a malware sample set
md5,2b784622422f4280e0b3e38b30dd87bc,high,2026-10-10T09:02:22.399295+00:00,2026-10-10T09:02:22.399295+00:00,1,www.bitdefender.com:2026-10-10,Listed as part of a malware sample set
md5,2b7f1a7d5f5515c05d0c8e3857155ae2,high,2026-10-10T09:02:22.399295+00:00,2026-10-10T09:02:22.399295+00:00,1,www.bitdefender.com:2026-10-10,Listed as part of a malware sample set
md5,2c77653b889dfccd649b82446f8c0d1b,high,2026-10-10T09:02:22.399295+00:00,2026-10-10T09:02:22.399295+00:00,1,www.bitdefender.com:2026-10-10,Listed as part of a malware sample set
md5,2de346602433cdd1668f36b2e9db0be1,high,2026-10-10T09:02:22.399295+00:00,2026-10-10T09:02:22.399295+00:00,1,www.bitdefender.com:2026-10-10,Listed as part of a malware sample set
md5,31b3280f1c0836c39c470932cf6c3e6f,high,2026-10-10T09:02:22.399295+00:00,2026-10-10T09:02:22.399295+00:00,1,www.bitdefender.com:2026-10-10,Listed as part of a malware sample set
md5,33b2d3ec9a35cfb0b5a5d7b24ce4140e,high,2026-10-10T09:02:22.399295+00:00,2026-10-10T09:02:22.399295+00:00,1,www.bitdefender.com:2026-10-10,Listed as part of a malware sample set
md5,345057421c7d9ac2b671c47449f35030,high,2026-10-10T09:02:22.399295+00:00,2026-10-10T09:02:22.399295+00:00,1,www.bitdefender.com:2026-10-10,Listed as part of a malware sample set
md5,36deebfcda4012d18706cd170c1edf1f,high,2026-10-10T09:02:22.399295+00:00,2026-10-10T09:02:22.399295+00:00,1,www.bitdefender.com:2026-10-10,Listed as part of a malware sample set
md5,36f9e8cf47a28f9803fba427cf02a25c,high,2026-10-10T09:02:22.399295+00:00,2026-10-10T09:02:22.399295+00:00,1,www.bitdefender.com:2026-10-10,Listed as part of a malware sample set
md5,37f18a20b9cf32e6f07450e903eaad7c,high,2026-10-10T09:02:22.399295+00:00,2026-10-10T09:02:22.399295+00:00,1,www.bitdefender.com:2026-10-10,Listed as part of a malware sample set
md5,387f7af167530486adcf3d8546063462,high,2026-10-10T09:02:22.399295+00:00,2026-10-10T09:02:22.399295+00:00,1,www.bitdefender.com:2026-10-10,Listed as part of a malware sample set
md5,3b35d3c5667136134b20a8411803c97d,high,2026-10-10T09:02:22.399295+00:00,2026-10-10T09:02:22.399295+00:00,1,www.bitdefender.com:2026-10-10,Listed as part of a malware sample set
md5,3bb270d4927e2a8385793d9084a92fd3,high,2026-10-10T09:02:22.399295+00:00,2026-10-10T09:02:22.399295+00:00,1,www.bitdefender.com:2026-10-10,Listed as part of a malware sample set
md5,3bc159537c909fa86bcc55eda127b5aa,high,2026-10-10T09:02:22.399295+00:00,2026-10-10T09:02:22.399295+00:00,1,www.bitdefender.com:2026-10-10,Listed as part of a malware sample set
md5,3c098465af131141996ff840bd34e791,high,2026-10-10T09:02:22.399295+00:00,2026-10-10T09:02:22.399295+00:00,1,www.bitdefender.com:2026-10-10,Listed as part of a malware sample set
md5,3d3358b1057b1bfbd7e60577d8a31e0c,high,2026-10-10T09:02:22.399295+00:00,2026-10-10T09:02:22.399295+00:00,1,www.bitdefender.com:2026-10-10,Listed as part of a malware sample set
md5,42a9f64e75911c167ec7a163e8b24920,high,2026-10-10T09:02:22.399295+00:00,2026-10-10T09:02:22.399295+00:00,1,www.bitdefender.com:2026-10-10,Listed as part of a malware sample set
md5,4507363415e7dc6d2cab14eeed137f6c,high,2026-10-10T09:02:22.399295+00:00,2026-10-10T09:02:22.399295+00:00,1,www.bitdefender.com:2026-10-10,Listed as part of a malware sample set
md5,4521a5bbe0f33a15da86bd80ff5d6d9c,high,2026-10-10T09:02:22.399295+00:00,2026-10-10T09:02:22.399295+00:00,1,www.bitdefender.com:2026-10-10,Listed as part of a malware sample set
md5,4a171f62d1bab01827b06ae73d4caafa,high,2026-10-10T09:02:22.399295+00:00,2026-10-10T09:02:22.399295+00:00,1,www.bitdefender.com:2026-10-10,Listed as part of a malware sample set
md5,4e46549122c0236307c5eef8891466f5,high,2026-10-10T09:02:22.399295+00:00,2026-10-10T09:02:22.399295+00:00,1,www.bitdefender.com:2026-10-10,Listed as part of a malware sample set
md5,4f7d3c5859100d65ff02449884841b9c,high,2026-10-10T09:02:22.399295+00:00,2026-10-10T09:02:22.399295+00:00,1,www.bitdefender.com:2026-10-10,Listed as part of a malware sample set
md5,50e9cdc3ed145bbc688356eda07f8eb3,high,2026-10-10T09:02:22.399295+00:00,2026-10-10T09:02:22.399295+00:00,1,www.bitdefender.com:2026-10-10,Listed as part of a malware sample set
md5,512a6db4a22244272826f39da020fb44,high,2026-10-10T09:02:22.399295+00:00,2026-10-10T09:02:22.399295+00:00,1,www.bitdefender.com:2026-10-10,Listed as part of a malware sample set
md5,5400ffac371c5e5c9b7f3705ce9faca5,high,2026-10-10T09:02:22.399295+00:00,2026-10-10T09:02:22.399295+00:00,1,www.bitdefender.com:2026-10-10,Listed as part of a malware sample set
md5,5b3a49938f455d1197736971c4c07228,high,2026-10-10T09:02:22.399295+00:00,2026-10-10T09:02:22.399295+00:00,1,www.bitdefender.com:2026-10-10,Listed as part of a malware sample set
md5,5d29e9b24708c3ec36d1d59036124838,high,2026-10-10T09:02:22.399295+00:00,2026-10-10T09:02:22.399295+00:00,1,www.bitdefender.com:2026-10-10,Listed as part of a malware sample set
md5,60bc23d3d453f258e2c4ca421cd086a9,high,2026-10-10T09:02:22.399295+00:00,2026-10-10T09:02:22.399295+00:00,1,www.bitdefender.com:2026-10-10,Listed as part of a malware sample set
md5,61aac6a98abd6dcff0dc41bb88159786,high,2026-10-10T09:02:22.399295+00:00,2026-10-10T09:02:22.399295+00:00,1,www.bitdefender.com:2026-10-10,Listed as part of a malware sample set
md5,642d84ed5660407b972f1df642acb192,high,2026-10-10T09:02:22.399295+00:00,2026-10-10T09:02:22.399295+00:00,1,www.bitdefender.com:2026-10-10,Listed as part of a malware sample set
md5,66c6512b9a73425aba40c8bfa95d23a0,high,2026-10-10T09:02:22.399295+00:00,2026-10-10T09:02:22.399295+00:00,1,www.bitdefender.com:2026-10-10,Listed as part of a malware sample set
md5,6739fe083cfa8dec9b4f989ccba0e99e,high,2026-10-10T09:02:22.399295+00:00,2026-10-10T09:02:22.399295+00:00,1,www.bitdefender.com:2026-10-10,Listed as part of a malware sample set
md5,6aca76699ec0bb8e51372d5c68c8359b,high,2026-10-10T09:02:22.399295+00:00,2026-10-10T09:02:22.399295+00:00,1,www.bitdefender.com:2026-10-10,Listed as part of a malware sample set
md5,6df909898f5f1394e78508d1152fab38,high,2026-10-10T09:02:22.399295+00:00,2026-10-10T09:02:22.399295+00:00,1,www.bitdefender.com:2026-10-10,Listed as part of a malware sample set
md5,6ee2be3e5558085b532dacc8db61f3e9,high,2026-10-10T09:02:22.399295+00:00,2026-10-10T09:02:22.399295+00:00,1,www.bitdefender.com:2026-10-10,Listed as part of a malware sample set
md5,6eea0568d5cc776ae03e09149cec3cd8,high,2026-10-10T09:02:22.399295+00:00,2026-10-10T09:02:22.399295+00:00,1,www.bitdefender.com:2026-10-10,Listed as part of a malware sample set
md5,7322d8a65a56a7ab09f4d526cb343e3d,high,2026-10-10T09:02:22.399295+00:00,2026-10-10T09:02:22.399295+00:00,1,www.bitdefender.com:2026-10-10,Listed as part of a malware sample set
md5,7400c34f7c6f866499029f5e759f58bd,high,2026-10-10T09:02:22.399295+00:00,2026-10-10T09:02:22.399295+00:00,1,www.bitdefender.com:2026-10-10,Listed as part of a malware sample set
md5,7469c9c06e5f324ca608e0140156bbad,high,2026-10-10T09:02:22.399295+00:00,2026-10-10T09:02:22.399295+00:00,1,www.bitdefender.com:2026-10-10,Listed as part of a malware sample set
md5,765d3ce85a6393d05973c4cfa7738116,high,2026-10-10T09:02:22.399295+00:00,2026-10-10T09:02:22.399295+00:00,1,www.bitdefender.com:2026-10-10,Listed as part of a malware sample set
md5,7f7747575980098bdc98e7b7aa362697,high,2026-10-10T09:02:22.399295+00:00,2026-10-10T09:02:22.399295+00:00,1,www.bitdefender.com:2026-10-10,Listed as part of a malware sample set
md5,815b910f1efc95f38ba0c5b12c4f2129,high,2026-10-10T09:02:22.399295+00:00,2026-10-10T09:02:22.399295+00:00,1,www.bitdefender.com:2026-10-10,Listed as part of a malware sample set
md5,836739fe7196437d8e998245b6f2b3b4,high,2026-10-10T09:02:22.399295+00:00,2026-10-10T09:02:22.399295+00:00,1,www.bitdefender.com:2026-10-10,Listed as part of a malware sample set
md5,838dc8fcde1b28171e404ece1cfcde44,high,2026-10-10T09:02:22.399295+00:00,2026-10-10T09:02:22.399295+00:00,1,www.bitdefender.com:2026-10-10,Listed as part of a malware sample set
md5,879168159c155758dbfd7a76e8f21548,high,2026-10-10T09:02:22.399295+00:00,2026-10-10T09:02:22.399295+00:00,1,www.bitdefender.com:2026-10-10,Listed as part of a malware sample set
md5,8ec360829f4f7ae8dcae47c02b996762,high,2026-10-10T09:02:22.399295+00:00,2026-10-10T09:02:22.399295+00:00,1,www.bitdefender.com:2026-10-10,Listed in a malware analysis as a malware sample hash
md5,90e0d27d808105167fdaa3a22b918217,high,2026-10-10T09:02:22.399295+00:00,2026-10-10T09:02:22.399295+00:00,1,www.bitdefender.com:2026-10-10,Listed in a malware analysis as a malware sample hash
md5,92f2fd8bcccc8ec4ffa64c7f6b3b9b8d,high,2026-10-10T09:02:22.399295+00:00,2026-10-10T09:02:22.399295+00:00,1,www.bitdefender.com:2026-10-10,Listed in a malware analysis as a malware sample hash
md5,998e9010e5dfc4e4645f5572cbbe5b53,high,2026-10-10T09:02:22.399295+00:00,2026-10-10T09:02:22.399295+00:00,1,www.bitdefender.com:2026-10-10,Listed in a malware analysis as a malware sample hash
md5,9a3d04aa36654b5c4b21edd22e46f92d,high,2026-10-10T09:02:22.399295+00:00,2026-10-10T09:02:22.399295+00:00,1,www.bitdefender.com:2026-10-10,Listed in a malware analysis as a malware sample hash
md5,9a46098de785ae732e5fced55a2f3063,high,2026-10-10T09:02:22.399295+00:00,2026-10-10T09:02:22.399295+00:00,1,www.bitdefender.com:2026-10-10,Listed in a malware analysis as a malware sample hash
md5,9e7b34e63d8d38e37667f88a945ae69a,high,2026-10-10T09:02:22.399295+00:00,2026-10-10T09:02:22.399295+00:00,1,www.bitdefender.com:2026-10-10,Listed in a malware analysis as a malware sample hash
md5,9f1e2249003ab22cf8a38048e0ff6f6c,high,2026-10-10T09:02:22.399295+00:00,2026-10-10T09:02:22.399295+00:00,1,www.bitdefender.com:2026-10-10,Listed in a malware analysis as a malware sample hash
md5,a02f28387527abe90d73d2879f671972,high,2026-10-10T09:02:22.399295+00:00,2026-10-10T09:02:22.399295+00:00,1,www.bitdefender.com:2026-10-10,Listed in a malware analysis as a malware sample hash
md5,a13af0174bc211709e8b73bf60492a17,high,2026-10-10T09:02:22.399295+00:00,2026-10-10T09:02:22.399295+00:00,1,www.bitdefender.com:2026-10-10,Listed in a malware analysis as a malware sample hash
md5,a147cd8f72aadfcf78f7723db6813e86,high,2026-10-10T09:02:22.399295+00:00,2026-10-10T09:02:22.399295+00:00,1,www.bitdefender.com:2026-10-10,Listed in a malware analysis as a malware sample hash
md5,a57a1ba15364dfb35d334f644d7049e8,high,2026-10-10T09:02:22.399295+00:00,2026-10-10T09:02:22.399295+00:00,1,www.bitdefender.com:2026-10-10,Listed in a malware analysis as a malware sample hash
md5,a8847b68428fde206b6dff8001051f92,high,2026-10-10T09:02:22.399295+00:00,2026-10-10T09:02:22.399295+00:00,1,www.bitdefender.com:2026-10-10,Listed in a malware analysis as a malware sample hash
md5,aac942aaf6ec0773cbac87fde4a6b284,high,2026-10-10T09:02:22.399295+00:00,2026-10-10T09:02:22.399295+00:00,1,www.bitdefender.com:2026-10-10,Listed in a malware analysis as a malware sample hash
md5,ab8d6be686ca9413e27a11e85f9cef1a,high,2026-10-10T09:02:22.399295+00:00,2026-10-10T09:02:22.399295+00:00,1,www.bitdefender.com:2026-10-10,Listed in a malware analysis as a malware sample hash
md5,abe12db77a62ecb99d6ab5dc4fff18c7,high,2026-10-10T09:02:22.399295+00:00,2026-10-10T09:02:22.399295+00:00,1,www.bitdefender.com:2026-10-10,Listed in a malware analysis as a malware sample hash
md5,ac8957a474f8aa812c7b233aafde4723,high,2026-10-10T09:02:22.399295+00:00,2026-10-10T09:02:22.399295+00:00,1,www.bitdefender.com:2026-10-10,Listed in a malware analysis as a malware sample hash
md5,af16072864ae0f9d755f8cf00fded359,high,2026-10-10T09:02:22.399295+00:00,2026-10-10T09:02:22.399295+00:00,1,www.bitdefender.com:2026-10-10,Listed in a malware analysis as a malware sample hash
md5,af7f1eef22bf5ee3d0a394f53ba7e1b8,high,2026-10-10T09:02:22.399295+00:00,2026-10-10T09:02:22.399295+00:00,1,www.bitdefender.com:2026-10-10,Listed in a malware analysis as a malware sample hash
md5,b3a4405d1b8d43545d07b10581008d32,high,2026-10-10T09:02:22.399295+00:00,2026-10-10T09:02:22.399295+00:00,1,www.bitdefender.com:2026-10-10,Listed in a malware analysis as a malware sample hash
md5,b6c5f7dfaf9d47cd67380a48df5e1731,high,2026-10-10T09:02:22.399295+00:00,2026-10-10T09:02:22.399295+00:00,1,www.bitdefender.com:2026-10-10,Listed in a malware analysis as a malware sample hash
md5,b7d0d5ae09b0d2d2f999c1087c450456,high,2026-10-10T09:02:22.399295+00:00,2026-10-10T09:02:22.399295+00:00,1,www.bitdefender.com:2026-10-10,Listed in a malware analysis as a malware sample hash
md5,b862681953e945439167a736ba4cd41b,high,2026-10-10T09:02:22.399295+00:00,2026-10-10T09:02:22.399295+00:00,1,www.bitdefender.com:2026-10-10,Listed in a malware analysis as a malware sample hash
md5,b974ef4106af6b932df352563a9b8b3c,high,2026-10-10T09:02:22.399295+00:00,2026-10-10T09:02:22.399295+00:00,1,www.bitdefender.com:2026-10-10,Listed in a malware analysis as a malware sample hash
md5,be22c91b4578ac2357a16133615df335,high,2026-10-10T09:02:22.399295+00:00,2026-10-10T09:02:22.399295+00:00,1,www.bitdefender.com:2026-10-10,Listed in a malware analysis as a malware sample hash
md5,c55c9d7e12cc273b812ceffca8f62d4b,high,2026-10-10T09:02:22.399295+00:00,2026-10-10T09:02:22.399295+00:00,1,www.bitdefender.com:2026-10-10,Listed in a malware analysis as a malware sample hash
md5,c75ec7f3bcbc879aae9a21ad544d3232,high,2026-10-10T09:02:22.399295+00:00,2026-10-10T09:02:22.399295+00:00,1,www.bitdefender.com:2026-10-10,Listed in a malware analysis as a malware sample hash
md5,c8ea2a7c1f52c4c2474475c28373ee27,high,2026-10-10T09:02:22.399295+00:00,2026-10-10T09:02:22.399295+00:00,1,www.bitdefender.com:2026-10-10,Listed in a malware analysis as a malware sample hash
md5,ca7e2d265fc35aede432c4636a2cf4cb,high,2026-10-10T09:02:22.399295+00:00,2026-10-10T09:02:22.399295+00:00,1,www.bitdefender.com:2026-10-10,Listed in a malware analysis as a malware sample hash
md5,cb19dbf279a3488aec76c17e8e122c14,high,2026-10-10T09:02:22.399295+00:00,2026-10-10T09:02:22.399295+00:00,1,www.bitdefender.com:2026-10-10,Listed in a malware analysis as a malware sample hash
md5,cde0490e11db8ad54737c1df59ec658b,high,2026-10-10T09:02:22.399295+00:00,2026-10-10T09:02:22.399295+00:00,1,www.bitdefender.com:2026-10-10,Listed in a malware analysis as a malware sample hash
md5,cdfcc848e16660d607aba6ecf24567f4,high,2026-10-10T09:02:22.399295+00:00,2026-10-10T09:02:22.399295+00:00,1,www.bitdefender.com:2026-10-10,Listed in a malware analysis as a malware sample hash
md5,cf20de9d9ddc952bb2265002d26a916f,high,2026-10-10T09:02:22.399295+00:00,2026-10-10T09:02:22.399295+00:00,1,www.bitdefender.com:2026-10-10,Listed in a malware analysis as a malware sample hash
md5,cf4f24fdd283f80313565b08fea9d06d,high,2026-10-10T09:02:22.399295+00:00,2026-10-10T09:02:22.399295+00:00,1,www.bitdefender.com:2026-10-10,Listed in a malware analysis as a malware sample hash
md5,d145b14b9cc15799485f2592b2c16d9a,high,2026-10-10T09:02:22.399295+00:00,2026-10-10T09:02:22.399295+00:00,1,www.bitdefender.com:2026-10-10,Listed in a malware analysis as a malware sample hash
md5,d3faec4f013c4a1e84a1d681448312c0,high,2026-10-10T09:02:22.399295+00:00,2026-10-10T09:02:22.399295+00:00,1,www.bitdefender.com:2026-10-10,Listed in a malware analysis as a malware sample hash
md5,d4ceb05682ecd60f4ebb4e76e02fcf7d,high,2026-10-10T09:02:22.399295+00:00,2026-10-10T09:02:22.399295+00:00,1,www.bitdefender.com:2026-10-10,Listed in a malware analysis as a malware sample hash
md5,d56158a2cc8d13778df850907733b2c4,high,2026-10-10T09:02:22.399295+00:00,2026-10-10T09:02:22.399295+00:00,1,www.bitdefender.com:2026-10-10,Listed in a malware analysis as a malware sample hash
md5,d5d88214170875386ab855172f881e51,high,2026-10-10T09:02:22.399295+00:00,2026-10-10T09:02:22.399295+00:00,1,www.bitdefender.com:2026-10-10,Listed in a malware analysis as a malware sample hash
md5,d6ba4044f9d57f7e86d83187982ed593,high,2026-10-10T09:02:22.399295+00:00,2026-10-10T09:02:22.399295+00:00,1,www.bitdefender.com:2026-10-10,Listed in a malware analysis as a malware sample hash
md5,d9fc6b2cd5eaa3929207f1029663d947,high,2026-10-10T09:02:22.399295+00:00,2026-10-10T09:02:22.399295+00:00,1,www.bitdefender.com:2026-10-10,Listed in a malware analysis as a malware sample hash
md5,da67e37be01c20566990152ecfb14ed1,high,2026-10-10T09:02:22.399295+00:00,2026-10-10T09:02:22.399295+00:00,1,www.bitdefender.com:2026-10-10,Listed in a malware analysis as a malware sample hash
md5,dce5b0dc0e7d7059b5ab8384a7c24ec4,high,2026-10-10T09:02:22.399295+00:00,2026-10-10T09:02:22.399295+00:00,1,www.bitdefender.com:2026-10-10,Listed in a malware analysis as a malware sample hash
md5,de66cac88f156c3227749e03bdf7cf54,high,2026-10-10T09:02:22.399295+00:00,2026-10-10T09:02:22.399295+00:00,1,www.bitdefender.com:2026-10-10,Listed in a malware analysis as a malware sample hash
md5,e39bddf592016ad6d0784770df3e2ffe,high,2026-10-10T09:02:22.399295+00:00,2026-10-10T09:02:22.399295+00:00,1,www.bitdefender.com:2026-10-10,Listed in a malware analysis as a malware sample hash
md5,e51c11442a529dcd06dc7c8e45974ec2,high,2026-10-10T09:02:22.399295+00:00,2026-10-10T09:02:22.399295+00:00,1,www.bitdefender.com:2026-10-10,Listed in a malware analysis as a malware sample hash
md5,e6650dc6721aaa27f8a289ff92e613ff,high,2026-10-10T09:02:22.399295+00:00,2026-10-10T09:02:22.399295+00:00,1,www.bitdefender.com:2026-10-10,Listed in a malware analysis as a malware sample hash
md5,e75e183027bf897eda6447366c7acd01,high,2026-10-10T09:02:22.399295+00:00,2026-10-10T09:02:22.399295+00:00,1,www.bitdefender.com:2026-10-10,Listed in a malware analysis as a malware sample hash
md5,e7c56b4f580da53cd0e4f11d1a11e402,high,2026-10-10T09:02:22.399295+00:00,2026-10-10T09:02:22.399295+00:00,1,www.bitdefender.com:2026-10-10,Listed in a malware analysis as a malware sample hash
md5,e974cf4cc5d55cddc04f026dd3ea72b8,high,2026-10-10T09:02:22.399295+00:00,2026-10-10T09:02:22.399295+00:00,1,www.bitdefender.com:2026-10-10,Listed in a malware analysis as a malware sample hash
md5,e9b91e1d94bb3ff9a1c00b1c13eb7960,high,2026-10-10T09:02:22.399295+00:00,2026-10-10T09:02:22.399295+00:00,1,www.bitdefender.com:2026-10-10,Listed in a malware analysis as a malware sample hash
md5,e9ec6d7b50c1e54cd523283b9de55e10,high,2026-10-10T09:02:22.399295+00:00,2026-10-10T09:02:22.399295+00:00,1,www.bitdefender.com:2026-10-10,Listed in a malware analysis as a malware sample hash
md5,ed1a6bed83899952b464c27aef9752cc,high,2026-10-10T09:02:22.399295+00:00,2026-10-10T09:02:22.399295+00:00,1,www.bitdefender.com:2026-10-10,Listed in a malware analysis as a malware sample hash
md5,ee4e778e53ce4d4339d7c7888d06384d,high,2026-10-10T09:02:22.399295+00:00,2026-10-10T09:02:22.399295+00:00,1,www.bitdefender.com:2026-10-10,Listed in a malware analysis as a malware sample hash
md5,f0b7b1c940ebcee97eb68f528682fc50,high,2026-10-10T09:02:22.399295+00:00,2026-10-10T09:02:22.399295+00:00,1,www.bitdefender.com:2026-10-10,Listed in a malware analysis as a malware sample hash
md5,f456f0c6b89bd3d5124699d43971d094,high,2026-10-10T09:02:22.399295+00:00,2026-10-10T09:02:22.399295+00:00,1,www.bitdefender.com:2026-10-10,Listed in a malware analysis as a malware sample hash
md5,f602230f54507cbddf5ef3014737d768,high,2026-10-10T09:02:22.399295+00:00,2026-10-10T09:02:22.399295+00:00,1,www.bitdefender.com:2026-10-10,Listed in a malware analysis as a malware sample hash
md5,fac6548a4a7a88156468b809c4f877f5,high,2026-10-10T09:02:22.399295+00:00,2026-10-10T09:02:22.399295+00:00,1,www.bitdefender.com:2026-10-10,Listed in a malware analysis as a malware sample hash
md5,fc812444baa071f5141ddad812d673de,high,2026-10-10T09:02:22.399295+00:00,2026-10-10T09:02:22.399295+00:00,1,www.bitdefender.com:2026-10-10,Listed in a malware analysis as a malware sample hash
md5,fcb9f38cc687fc8a4637e0acdf91ab66,high,2026-10-10T09:02:22.399295+00:00,2026-10-10T09:02:22.399295+00:00,1,www.bitdefender.com:2026-10-10,Listed in a malware analysis as a malware sample hash
sha256,5c384109d3e578a0107e8518bcb91cd63f6926f0c0d0e01525d34a734445685c,high,2026-10-10T05:02:45.293755+00:00,2026-10-10T05:02:45.293755+00:00,1,www.elastic.co:2026-10-10,"Listed as a hash of Setup.exe, a second implant"
sha256,feb5d225fa38efe2a627ddfbe9654bf59c171ac0742cd565b7a5f22b45a4cc3a,high,2026-10-10T05:02:45.293755+00:00,2026-10-10T05:02:45.293755+00:00,1,www.elastic.co:2026-10-10,Hash listed as a malware payload
sha1,050926727CDD74F0B3A8A098E60B76D10FB06B14,high,2026-10-09T23:03:35.788859+00:00,2026-10-09T23:03:35.788859+00:00,1,www.welivesecurity.com:2026-10-09,SHA-1 hash of a MATCHBOIL malware sample
sha1,1E2C4AAC30EDFF86CD9A30BD08B199BCD3D0CCCE,high,2026-10-09T23:03:35.788859+00:00,2026-10-09T23:03:35.788859+00:00,1,www.welivesecurity.com:2026-10-09,SHA-1 hash of a MATCHBOIL malware sample
sha1,C85D28F7D272CE2BBBFB9DAE71D21BF25B8D00FC,high,2026-10-09T23:03:35.788859+00:00,2026-10-09T23:03:35.788859+00:00,1,www.welivesecurity.com:2026-10-09,SHA-1 hash of a MATCHBOIL malware sample
sha1,F886B615CB9E23EAD2718FF2A61155ACFB04CE9E,high,2026-10-09T23:03:35.788859+00:00,2026-10-09T23:03:35.788859+00:00,1,www.welivesecurity.com:2026-10-09,SHA-1 hash of a MATCHBOIL malware sample
sha1,1334417664270db20af705f422878c53c8378203,high,2026-10-09T18:00:23.022990+00:00,2026-10-09T18:00:23.022990+00:00,1,censys.com:2026-10-09,Listed as a payload module hash for a malicious toolkit
sha256,864d68e64618d6bfc26d75d6f780ae0b7bfed3698cc8333818ed32519e560d1f,high,2026-10-09T18:00:23.022990+00:00,2026-10-09T18:00:23.022990+00:00,1,censys.com:2026-10-09,Unique body hash for a C2 control panel
sha256,6fab94577364beec314afae3b082dd680933f08a8349b9f35b92667e8231b501,high,2026-10-09T17:01:10.977162+00:00,2026-10-09T17:01:10.977162+00:00,1,www.lumen.com:2026-10-09,SHA256 hash of a PoeLLM malware sample
sha256,097549cf7d0f76f0d99edf8b2d91c60977fd6a96e4b8c3c94b0b1733dc026d3e,high,2026-10-09T16:00:40.841738+00:00,2026-10-09T16:00:40.841738+00:00,1,www.microsoft.com:2026-10-09,Listed in a feed of observed indicators of compromise
sha256,1631a90eb5395c4e19c7dbcbf611bbe6444ff312eb7937e286e4637cb9e72944,high,2026-10-09T16:00:40.841738+00:00,2026-10-09T16:00:40.841738+00:00,1,www.microsoft.com:2026-10-09,Listed in a feed of observed indicators of compromise
sha256,2b6f1ebb2208e93ade4a6424555d6a8341fd6d9f60c25e44afe11008f5c1aad1,high,2026-10-09T16:00:40.841738+00:00,2026-10-09T16:00:40.841738+00:00,1,www.microsoft.com:2026-10-09,Listed in a feed of observed indicators of compromise
sha256,4edc7770464a14f54d17f36dc9d0fe854f68b346b27b35a6f5839adf1f13f8ea,high,2026-10-09T16:00:40.841738+00:00,2026-10-09T16:00:40.841738+00:00,1,www.microsoft.com:2026-10-09,Listed in a feed of observed indicators of compromise
sha256,511df0e2df9bfa5521b588cc4bb5f8c5a321801b803394ebc493db1ef3c78fa1,high,2026-10-09T16:00:40.841738+00:00,2026-10-09T16:00:40.841738+00:00,1,www.microsoft.com:2026-10-09,Listed in a feed of observed indicators of compromise
sha256,65149e036fff06026d80ac9ad4d156332822dc93142cf1a122b1841ec8de34b5,high,2026-10-09T16:00:40.841738+00:00,2026-10-09T16:00:40.841738+00:00,1,www.microsoft.com:2026-10-09,Listed in a feed of observed indicators of compromise
sha256,811157f9c7003ba8d17b45eb3cf09bef2cecd2701cedb675274949296a6a183d,high,2026-10-09T16:00:40.841738+00:00,2026-10-09T16:00:40.841738+00:00,1,www.microsoft.com:2026-10-09,Listed in a feed of observed indicators of compromise
sha256,b75f163ca9b9240bf4b37ad92bc7556b40a17e27c2b8ed5c8991385fe07d17d0,high,2026-10-09T16:00:40.841738+00:00,2026-10-09T16:00:40.841738+00:00,1,www.microsoft.com:2026-10-09,Listed in a feed of observed indicators of compromise
md5,116f7189ed7b41f1b339a749d56e63be,high,2026-10-09T12:00:42.928944+00:00,2026-10-09T12:00:42.928944+00:00,1,www.zscaler.com:2026-10-09,Listed as an encrypted malware hash
md5,2621753691be9521288664bb551dfba6,high,2026-10-09T12:00:42.928944+00:00,2026-10-09T12:00:42.928944+00:00,1,www.zscaler.com:2026-10-09,Listed as an encrypted malware hash
md5,2b81aceab0142472d94eb42e500b27b1,high,2026-10-09T12:00:42.928944+00:00,2026-10-09T12:00:42.928944+00:00,1,www.zscaler.com:2026-10-09,Listed as an encrypted malware hash
md5,34a52e6a4d803e94fe497bab682abfd3,high,2026-10-09T12:00:42.928944+00:00,2026-10-09T12:00:42.928944+00:00,1,www.zscaler.com:2026-10-09,Listed as an encrypted malware hash
md5,3826dc7a9ba8bd5b1c143560c1530d89,high,2026-10-09T12:00:42.928944+00:00,2026-10-09T12:00:42.928944+00:00,1,www.zscaler.com:2026-10-09,Listed as an encrypted malware hash
md5,4b8509cde757b5428e5f99c8dffe73ca,high,2026-10-09T12:00:42.928944+00:00,2026-10-09T12:00:42.928944+00:00,1,www.zscaler.com:2026-10-09,Listed as an encrypted malware hash
md5,58fa0d651898446d5f5d2ed8a27a3330,high,2026-10-09T12:00:42.928944+00:00,2026-10-09T12:00:42.928944+00:00,1,www.zscaler.com:2026-10-09,Listed as an encrypted malware hash
md5,73adaea97f003735335505858c1c6def,high,2026-10-09T12:00:42.928944+00:00,2026-10-09T12:00:42.928944+00:00,1,www.zscaler.com:2026-10-09,Listed as an encrypted malware hash
md5,9d78ece09457907b730d139e4e0c64dd,high,2026-10-09T12:00:42.928944+00:00,2026-10-09T12:00:42.928944+00:00,1,www.zscaler.com:2026-10-09,Listed as an encrypted malware hash
md5,9d88b4494c7bc27b10358b68a899ad54,high,2026-10-09T12:00:42.928944+00:00,2026-10-09T12:00:42.928944+00:00,1,www.zscaler.com:2026-10-09,Listed as an encrypted malware hash
md5,ad0b1b6d2c8b9d09d6473a4a299470ab,high,2026-10-09T12:00:42.928944+00:00,2026-10-09T12:00:42.928944+00:00,1,www.zscaler.com:2026-10-09,Listed as an encrypted malware hash
md5,be60c52ca8a01fef7dc15c2f0ebb77d8,high,2026-10-09T12:00:42.928944+00:00,2026-10-09T12:00:42.928944+00:00,1,www.zscaler.com:2026-10-09,Listed as an encrypted malware hash
sha256,69b94f987d06e3c69a8ee476ed16723fa8b13672b44c286b572cb7f09cdd7a4f,high,2026-10-09T11:01:00.573882+00:00,2026-10-09T11:01:00.573882+00:00,1,www.microsoft.com:2026-10-09,"SHA-256 hash of the malware sample used in the analysis, indicating attacker-produced artefact."
md5,2853e92617d26045feb028e52bc9930d,high,2026-10-09T11:00:58.445581+00:00,2026-10-09T11:00:58.445581+00:00,1,tria.ge:2026-10-09,Listed as an encrypted malware hash
sha1,206b5f0a0a42ff89576eb31becb89b2b90fcef9f,high,2026-10-09T11:00:58.445581+00:00,2026-10-09T11:00:58.445581+00:00,1,tria.ge:2026-10-09,Listed as a sample hash for a malicious RAT
sha256,e6f28ba622abacbf78d3411656a185947ac385a01fed0733091159498674779d,high,2026-10-09T11:00:58.445581+00:00,2026-10-09T11:00:58.445581+00:00,1,tria.ge:2026-10-09,Listed as a sample hash for a malicious RAT
sha256,2bedc26d4b29b435c21962beed7db21188a0219a0d28334bba8b4fb1656d7b15,high,2026-10-09T11:00:23.855979+00:00,2026-10-09T11:00:23.855979+00:00,1,www.rapid7.com:2026-10-09,Listed as a dropper in the threat report
sha256,2fe2dd402ee6f9c578fce6dd4b36daaa407e99133e5dd502f2afca80feb60150,high,2026-10-09T11:00:23.855979+00:00,2026-10-09T11:00:23.855979+00:00,1,www.rapid7.com:2026-10-09,Listed as a file indicator in the threat report
sha256,4435fcd6862921092614dbeaa880e4192352984686ebcd98f0ba13ee8e226ef9,high,2026-10-09T11:00:23.855979+00:00,2026-10-09T11:00:23.855979+00:00,1,www.rapid7.com:2026-10-09,Listed as a file indicator in the threat report
sha256,4925bcca085ec504f51191645da278d8e96698d91f3c6df44146336c697b4de8,high,2026-10-09T11:00:23.855979+00:00,2026-10-09T11:00:23.855979+00:00,1,www.rapid7.com:2026-10-09,Listed as a file indicator in the threat report
sha256,652508a9cf40bee883dc0e5e219dfeba71fe7dac591d01c89f74c21f73b4963f,high,2026-10-09T11:00:23.855979+00:00,2026-10-09T11:00:23.855979+00:00,1,www.rapid7.com:2026-10-09,Listed as a Rekoobe-based backdoor in the threat report
sha256,7e667ba5f9df912e02275d3cfe3809d16f822fe776f4035c84b118ebd925b1b5,high,2026-10-09T11:00:23.855979+00:00,2026-10-09T11:00:23.855979+00:00,1,www.rapid7.com:2026-10-09,Listed as a file indicator in the threat report
sha256,925c041807d4fb9dfe2ad84f963c2a4c60ea1289f6a0bdccbfb944478ffc2cf2,high,2026-10-09T11:00:23.855979+00:00,2026-10-09T11:00:23.855979+00:00,1,www.rapid7.com:2026-10-09,Listed as a file indicator in the threat report
sha256,a37ea9897221d4495b538de72b74f2aa1d2ff09b7b6dcedd395aee58931adbf3,high,2026-10-09T11:00:23.855979+00:00,2026-10-09T11:00:23.855979+00:00,1,www.rapid7.com:2026-10-09,Listed as a file indicator in the threat report
sha256,a4379e115d3c4420f5d4b92561022d6e0897990e7297be65c033d47de68e6a6a,high,2026-10-09T11:00:23.855979+00:00,2026-10-09T11:00:23.855979+00:00,1,www.rapid7.com:2026-10-09,Listed as a file indicator in the threat report
sha256,a65048eb30661e27f8edc2dd8d8c77ec87faec1f1750f6e04e7ecaf069a32858,high,2026-10-09T11:00:23.855979+00:00,2026-10-09T11:00:23.855979+00:00,1,www.rapid7.com:2026-10-09,Listed as a file indicator in the threat report
sha256,a6f3b7f932761fb1fd5e74123f2482e36c65dd13e769af2ce08c65da195bfa7a,high,2026-10-09T11:00:23.855979+00:00,2026-10-09T11:00:23.855979+00:00,1,www.rapid7.com:2026-10-09,Listed as a BPFDoor sample in the threat report
sha256,bf8135f46ecedfe5bd06fcecbb2e721c2367ff765b18f4aa3f868e6597f49e47,high,2026-10-09T11:00:23.855979+00:00,2026-10-09T11:00:23.855979+00:00,1,www.rapid7.com:2026-10-09,Listed as a file indicator in the threat report
md5,56b34de84f4950c4364e693877b640c6,high,2026-10-09T03:56:52+00:00,2026-10-09T03:56:52+00:00,1,Cyfirma:2026-10-09,Listed in a malware detection rule
sha1,dd350eac76d1157772889dc21d0ae2e85b2ddf2f,high,2026-10-09T03:56:52+00:00,2026-10-09T03:56:52+00:00,1,Cyfirma:2026-10-09,Listed in a malware detection rule
sha256,b312ef44bca34f2186177d9a6c8da06834d2748586ed5aa757d300c36d37acf2,high,2026-10-09T03:56:52+00:00,2026-10-09T03:56:52+00:00,1,Cyfirma:2026-10-09,Listed in a malware detection rule
sha256,05f69ae6b2b89c1c4dcf836bff032232f11bf0109f2b498e2345045d06139034,high,2026-10-08T20:23:28+00:00,2026-10-08T20:23:28+00:00,1,Huntress:2026-10-08,Hash of a malicious file used by attackers
sha256,481728a7c9c4c02be07051d9c1958d902ea6397ebb8952ab83944818e3d25d21,high,2026-10-08T20:23:28+00:00,2026-10-08T20:23:28+00:00,1,Huntress:2026-10-08,Hash of a malicious file used by attackers
sha256,4dcb0202fe8b2d4d7b183764e38184cd6ed50132786cc7e7d1f7f4bce1dd6f3d,high,2026-10-08T20:23:28+00:00,2026-10-08T20:23:28+00:00,1,Huntress:2026-10-08,Hash of a malicious file used by attackers
md5,1933c314041415939331fce183939547,high,2026-10-08T18:06:48+00:00,2026-10-08T18:06:48+00:00,1,Cisa:2026-10-08,Listed as an MD5 hash of a known file used by threat actors
md5,1b8e29b6b7972fb124425aaa257f8f6d,high,2026-10-08T18:06:48+00:00,2026-10-08T18:06:48+00:00,1,Cisa:2026-10-08,Listed as an MD5 hash of a known file used by threat actors
md5,1bcaef76b2063f1b80b0fa0d277ec9c5,high,2026-10-08T18:06:48+00:00,2026-10-08T18:06:48+00:00,1,Cisa:2026-10-08,Listed as an MD5 hash of a known file used by threat actors
md5,38f5ff8169423e2c756848c02e8cac3b,high,2026-10-08T18:06:48+00:00,2026-10-08T18:06:48+00:00,1,Cisa:2026-10-08,Listed as an MD5 hash of a known webshell used by threat actors
md5,48ca18a25424a0f52276290b619a7a83,high,2026-10-08T18:06:48+00:00,2026-10-08T18:06:48+00:00,1,Cisa:2026-10-08,Listed as an MD5 hash of a known webshell used by threat actors
md5,4d33bfb75e27fefaa72526899604d557,high,2026-10-08T18:06:48+00:00,2026-10-08T18:06:48+00:00,1,Cisa:2026-10-08,Listed as an MD5 hash of a known file used by threat actors
md5,4f61b9ab907f351bb40b37b10f4974d0,high,2026-10-08T18:06:48+00:00,2026-10-08T18:06:48+00:00,1,Cisa:2026-10-08,Listed as an MD5 hash of a known file used by threat actors
md5,596b990b0b389d906a8f4384837c1878,high,2026-10-08T18:06:48+00:00,2026-10-08T18:06:48+00:00,1,Cisa:2026-10-08,Listed as an MD5 hash of a known binary used by threat actors
md5,5b5a2c7fa705d8b1eb04da5db900b0d7,high,2026-10-08T18:06:48+00:00,2026-10-08T18:06:48+00:00,1,Cisa:2026-10-08,Listed as an MD5 hash of a known webshell used by threat actors
md5,655cd134976d3e80c521708aa8be418b,high,2026-10-08T18:06:48+00:00,2026-10-08T18:06:48+00:00,1,Cisa:2026-10-08,Listed as an MD5 hash of a known webshell used by threat actors
md5,6d57c42dee8bd7789969e2dd28671162,high,2026-10-08T18:06:48+00:00,2026-10-08T18:06:48+00:00,1,Cisa:2026-10-08,Listed as an MD5 hash of a known file used by threat actors
md5,776807750280daad05348f931a33e4ef,high,2026-10-08T18:06:48+00:00,2026-10-08T18:06:48+00:00,1,Cisa:2026-10-08,Listed as an MD5 hash of a known file used by threat actors
md5,7ce68f0dd85355ba2897a68521167e56,high,2026-10-08T18:06:48+00:00,2026-10-08T18:06:48+00:00,1,Cisa:2026-10-08,Listed as an MD5 hash of a known file used by threat actors
md5,7d5a182f70bed0e4fa2f8615aba070de,high,2026-10-08T18:06:48+00:00,2026-10-08T18:06:48+00:00,1,Cisa:2026-10-08,Listed as an MD5 hash of a known file used by threat actors
md5,8829f6f1cc5fc0aab2f6e71bfd7dc53d,high,2026-10-08T18:06:48+00:00,2026-10-08T18:06:48+00:00,1,Cisa:2026-10-08,Listed as an MD5 hash of a known file used by threat actors
md5,8dcc4f9ccc6b6adf7eeeb3f51c95afad,high,2026-10-08T18:06:48+00:00,2026-10-08T18:06:48+00:00,1,Cisa:2026-10-08,Listed as an MD5 hash of a known file used by threat actors
md5,a05cdf6afcbb107961307f59cbab5e4f,high,2026-10-08T18:06:48+00:00,2026-10-08T18:06:48+00:00,1,Cisa:2026-10-08,Listed as an MD5 hash of a known file used by threat actors
md5,a73eca669fe80628dbbd2c7d9bb14c8f,high,2026-10-08T18:06:48+00:00,2026-10-08T18:06:48+00:00,1,Cisa:2026-10-08,Listed as an MD5 hash of a known binary used by threat actors
md5,a973c0ab904c1b74655a906b99b76850,high,2026-10-08T18:06:48+00:00,2026-10-08T18:06:48+00:00,1,Cisa:2026-10-08,Listed in a table of known files used by threat actors
md5,b04375cca637f0702bf27feaff22a92d,high,2026-10-08T18:06:48+00:00,2026-10-08T18:06:48+00:00,1,Cisa:2026-10-08,Listed in a table of known files used by threat actors
md5,bcacc7ca999980d26c186ef791242fb5,high,2026-10-08T18:06:48+00:00,2026-10-08T18:06:48+00:00,1,Cisa:2026-10-08,Listed in a table of known files used by threat actors
md5,be121e707f817aa9392c55af1e7ec2aa,high,2026-10-08T18:06:48+00:00,2026-10-08T18:06:48+00:00,1,Cisa:2026-10-08,Listed in a table of known binaries and scripts from threat actor's repository
md5,d61326c4e6d24aa9b67e2b7a3ef7cedf,high,2026-10-08T18:06:48+00:00,2026-10-08T18:06:48+00:00,1,Cisa:2026-10-08,Listed in a table of known webshells from threat actor's repository
md5,dae8f50ea44225fae3ba1f160b42bfdc,high,2026-10-08T18:06:48+00:00,2026-10-08T18:06:48+00:00,1,Cisa:2026-10-08,Listed in a table of known binaries and scripts from threat actor's repository
md5,ef713447f18f5b7ee16af4ac37ec4133,high,2026-10-08T18:06:48+00:00,2026-10-08T18:06:48+00:00,1,Cisa:2026-10-08,Listed in a table of known files used by threat actors
md5,f01a9a2d1e31332ed36c1a4d2839f412,high,2026-10-08T18:06:48+00:00,2026-10-08T18:06:48+00:00,1,Cisa:2026-10-08,Listed in a table of known files used by threat actors
md5,f62cbbbdf35c7790909c26c7c5fbce05,high,2026-10-08T18:06:48+00:00,2026-10-08T18:06:48+00:00,1,Cisa:2026-10-08,Listed in a table of known files used by threat actors
md5,f82694de2f19e1bff333c27bb7eb7a56,high,2026-10-08T18:06:48+00:00,2026-10-08T18:06:48+00:00,1,Cisa:2026-10-08,Listed in a table of known binaries and scripts from threat actor's repository
md5,f8de2e99dc7523d2c83d1a48e844c5ff,high,2026-10-08T18:06:48+00:00,2026-10-08T18:06:48+00:00,1,Cisa:2026-10-08,Listed in a table of known webshells from threat actor's repository
md5,fc6e8ca41cf4f6100177352660e520b4,high,2026-10-08T18:06:48+00:00,2026-10-08T18:06:48+00:00,1,Cisa:2026-10-08,Listed in a table of known files used by threat actors
md5,fdece34bc084f1e252aeae274650eb8d,high,2026-10-08T18:06:48+00:00,2026-10-08T18:06:48+00:00,1,Cisa:2026-10-08,Listed in a table of known binaries and scripts from threat actor's repository
sha256,0e6fecb2d369b0eae63731616a3daada52036634885ab1b85b115af6bc5bcb86,high,2026-10-08T18:06:48+00:00,2026-10-08T18:06:48+00:00,1,Cisa:2026-10-08,Listed as a SHA-256 hash of a known webshell used by threat actors
sha256,2ecb51d7fa3bc3fa7ad7df64c6d0cd1f4ff2b37ed6839d3cff529fb08af49fb0,high,2026-10-08T18:06:48+00:00,2026-10-08T18:06:48+00:00,1,Cisa:2026-10-08,Listed as a SHA-256 hash of a known file used by threat actors
sha256,2f5c406eb64ad8902c8e30610d43fd3efc05a14cdb8fb158818953eaf3dc6a81,high,2026-10-08T18:06:48+00:00,2026-10-08T18:06:48+00:00,1,Cisa:2026-10-08,Listed as a SHA-256 hash of a known webshell used by threat actors
sha256,2fbcb1995c458e5affd5fb8f1f979a08ddce21714a2e413aa3d5dc44f9f245fe,high,2026-10-08T18:06:48+00:00,2026-10-08T18:06:48+00:00,1,Cisa:2026-10-08,Listed as a SHA-256 hash of a known file used by threat actors
sha256,33790218d5871af646feef5be29e0596d4703a45ce675c1eb2ca00140b3a1bde,high,2026-10-08T18:06:48+00:00,2026-10-08T18:06:48+00:00,1,Cisa:2026-10-08,Listed as a SHA-256 hash of a known file used by threat actors
sha256,36f3b7645609ef40444dbc68f01d26c543d67689eda4937272ea5cfa4df1b522,high,2026-10-08T18:06:48+00:00,2026-10-08T18:06:48+00:00,1,Cisa:2026-10-08,Listed as a SHA-256 hash of a known binary used by threat actors
sha256,456586ababa08f70216c4459f4d6375676166ebfddd98a33b447ceb5099e8dc5,high,2026-10-08T18:06:48+00:00,2026-10-08T18:06:48+00:00,1,Cisa:2026-10-08,Listed as a SHA-256 hash of a known webshell used by threat actors
sha256,46e59172c40c95d83c3a6f24f801fc2265653c8b575b66a726463e2a4eebd7f2,high,2026-10-08T18:06:48+00:00,2026-10-08T18:06:48+00:00,1,Cisa:2026-10-08,Listed as a SHA-256 hash of a known file used by threat actors
sha256,4d488f21269b18e37aaca93ac2a61707c9b611e506cdb3b287277746e94636b5,high,2026-10-08T18:06:48+00:00,2026-10-08T18:06:48+00:00,1,Cisa:2026-10-08,Listed as a SHA-256 hash of a known binary used by threat actors
sha256,5782ff2c835c88cc1ee521d2e8c523cfad73db3f9a29c93b40c4223f0338ade9,high,2026-10-08T18:06:48+00:00,2026-10-08T18:06:48+00:00,1,Cisa:2026-10-08,Listed as a SHA-256 hash of a known webshell used by threat actors
sha256,644decbc6ce8c52382f4755fa6fc2cb4d89a0e7ec0e574c11b398a6f2eed04b1,high,2026-10-08T18:06:48+00:00,2026-10-08T18:06:48+00:00,1,Cisa:2026-10-08,Listed as a SHA-256 hash of a known file used by threat actors
sha256,645f6f2667af01a94d04a9d7a71916a13d9426835d636b4ceee2e25ccb34e525,high,2026-10-08T18:06:48+00:00,2026-10-08T18:06:48+00:00,1,Cisa:2026-10-08,Listed as a SHA-256 hash of a known binary used by threat actors
sha256,670fa10a2ddde21fd594c4fef86b554d864089ed2de7153b472e921c623403ae,high,2026-10-08T18:06:48+00:00,2026-10-08T18:06:48+00:00,1,Cisa:2026-10-08,Listed as a SHA-256 hash of a known binary used by threat actors
sha256,67db57a1f957031b78f29aa91e2e87780eae3835290259eff846d8f14afb794b,high,2026-10-08T18:06:48+00:00,2026-10-08T18:06:48+00:00,1,Cisa:2026-10-08,Listed as a SHA-256 hash of a known file used by threat actors
sha256,72c6af6a4be99e31c4a7a0aa4f01750792788e7f6f9749243a9f2c47c14a708f,high,2026-10-08T18:06:48+00:00,2026-10-08T18:06:48+00:00,1,Cisa:2026-10-08,Listed as a SHA-256 hash of a known webshell used by threat actors
sha256,752b14c6e6936991d51fcd5ebf40d303e657c2372893604f96044848ad9a5f24,high,2026-10-08T18:06:48+00:00,2026-10-08T18:06:48+00:00,1,Cisa:2026-10-08,Listed as a SHA-256 hash of a known file used by threat actors
sha256,7b9efc7ef8957411cdd22582ce4bfb3a5f76d9c91cdb7e36bf85c9785a2480e9,high,2026-10-08T18:06:48+00:00,2026-10-08T18:06:48+00:00,1,Cisa:2026-10-08,Listed as a SHA-256 hash of a known file used by threat actors
sha256,804a53be802378a8ec4c94602fd3d6584e0d472d83148e8a42c731950fec415d,high,2026-10-08T18:06:48+00:00,2026-10-08T18:06:48+00:00,1,Cisa:2026-10-08,Listed as a SHA-256 hash of a known file used by threat actors
sha256,86f1cfa6a2e0a8cb6fc1fbee28472308e6467932f8658a6a4885e29ed8c34a67,high,2026-10-08T18:06:48+00:00,2026-10-08T18:06:48+00:00,1,Cisa:2026-10-08,Listed as a SHA-256 hash of a known file used by threat actors
sha256,8a592e22c51311d482272ec5aba0103c9cd0cfd78e5b5ba75dfa8f1c56926672,high,2026-10-08T18:06:48+00:00,2026-10-08T18:06:48+00:00,1,Cisa:2026-10-08,Listed as a SHA-256 hash of a known file used by threat actors
sha256,8b869a5edaff74ff18bca3658a519a19771e66d00ff7849af7a142dd6fc8da85,high,2026-10-08T18:06:48+00:00,2026-10-08T18:06:48+00:00,1,Cisa:2026-10-08,Listed as a SHA-256 hash of a known file used by threat actors
sha256,8e1b56ef51ba70aa4c4cfd4430820f20875b354588d5d723ba4d3940ea6c924b,high,2026-10-08T18:06:48+00:00,2026-10-08T18:06:48+00:00,1,Cisa:2026-10-08,Listed as a SHA-256 hash of a known file used by threat actors
sha256,9dc85f9569a15eaf51c7d34254767ea30dd67b2178cec4cc7125288b9544fe00,high,2026-10-08T18:06:48+00:00,2026-10-08T18:06:48+00:00,1,Cisa:2026-10-08,Listed as a SHA-256 hash of a known file used by threat actors
sha256,a14844e982f172d0f23910558c3f390a9d4c45dc32db825c2af7cf0ed8631db2,high,2026-10-08T18:06:48+00:00,2026-10-08T18:06:48+00:00,1,Cisa:2026-10-08,Listed as a SHA-256 hash of a known binary used by threat actors
sha256,add7dd142e4f7e2873bc8f7b7fb6308063608e0b49a773dea93abad4047f1489,high,2026-10-08T18:06:48+00:00,2026-10-08T18:06:48+00:00,1,Cisa:2026-10-08,Listed as a SHA-256 hash of a known binary used by threat actors
sha256,b1552703ff0035f197c22cdb3a514bb6aa45ec98de3ef5409faab0978f18c35e,high,2026-10-08T18:06:48+00:00,2026-10-08T18:06:48+00:00,1,Cisa:2026-10-08,Listed as a SHA-256 hash of a known file used by threat actors
sha256,c4503db6ece93eddf4511e787607cb14606a1df9f526f1e39992497119437cec,high,2026-10-08T18:06:48+00:00,2026-10-08T18:06:48+00:00,1,Cisa:2026-10-08,Listed as a SHA-256 hash of a known file used by threat actors
sha256,c7f86a4623db5c90273cea041d43207849c5c6b0060c370b2095f13871b1366d,high,2026-10-08T18:06:48+00:00,2026-10-08T18:06:48+00:00,1,Cisa:2026-10-08,Listed as a SHA-256 hash of a known file used by threat actors
sha256,c9d5dc956841e000bfd8762e2f0b48b66c79b79500e894b4efa7fb9ba17e4e9e,high,2026-10-08T18:06:48+00:00,2026-10-08T18:06:48+00:00,1,Cisa:2026-10-08,Listed as a SHA-256 hash of a known file used by threat actors
sha256,e7e727458f573dded05537baddac2867d2801db1c3c74410398d063dfd6f6575,high,2026-10-08T18:06:48+00:00,2026-10-08T18:06:48+00:00,1,Cisa:2026-10-08,Listed as a SHA-256 hash of a known file used by threat actors
sha256,e93244080a749b521f63476343ce3c81cc8c1b672fa0d9e67359aee37544c784,high,2026-10-08T18:06:48+00:00,2026-10-08T18:06:48+00:00,1,Cisa:2026-10-08,Listed as a SHA-256 hash of a known file used by threat actors
sha256,efb0437e6a6a0f07169952f1a8b734299ec9a8b1faadbed811fe017f2cf54976,high,2026-10-08T18:06:48+00:00,2026-10-08T18:06:48+00:00,1,Cisa:2026-10-08,Listed as a SHA-256 hash of a known file used by threat actors
sha256,893cd3583b49cb706b3e55ecb2ed0757b977a21f5c72e041392d1256f31166e2,high,2026-10-08T16:05:59.933906+00:00,2026-10-08T16:05:59.933906+00:00,1,www.cisa.gov:2026-10-08,Listed as a hash of a webshell used by attackers
sha256,974b69782fdf5d67b97cfd508465939e44ee10798dbcc1e82b92d78776bad938,high,2026-10-08T15:01:01.070092+00:00,2026-10-08T15:01:01.070092+00:00,1,www.levelblue.com:2026-10-08,Listed as a payload-hosting infrastructure file hash
sha256,e9fe43968c6c0955300e3bc4d7fb0b05a18570b4733aaf4f5c6f7f09be5a242c,high,2026-10-08T15:01:01.070092+00:00,2026-10-08T15:01:01.070092+00:00,1,www.levelblue.com:2026-10-08,Listed as a payload-hosting infrastructure file hash
sha256,25a0735d0db7dc40e5d45ce42d9c106067e6a66e184d967cfecfab17c3bcb5ef,high,2026-10-08T02:54:50.050000+00:00,2026-10-08T13:30:27+00:00,4,Gbhackers:2026-10-08|Endorlabs:2026-10-08|Stepsecurity:2026-10-08|Socket.Dev:2026-10-08,SHA-256 hash of a malicious file used in the attack
sha256,b50a00900399ba99fb6ce1fc151519cb99d44320ef2a631f2237e1aea0ad6fec,high,2026-10-08T02:54:50.050000+00:00,2026-10-08T13:30:27+00:00,3,Gbhackers:2026-10-08|Stepsecurity:2026-10-08|Socket.Dev:2026-10-08,SHA-256 hash of a malicious file used in the attack
sha256,16447c70f8e3c99de95b92846460214a661915c89f5c10965bf18da4c279880a,high,2026-10-08T10:04:16.417854+00:00,2026-10-08T10:04:16.417854+00:00,1,socket.dev:2026-10-08,Listed as a SHA-256 hash of a malicious loader payload script
sha256,dc717b5ab9a8eccf6b6187880ba90b004cb00f503ff8bceb8405ccc33d1c6e3e,high,2026-10-08T10:04:16.417854+00:00,2026-10-08T10:04:16.417854+00:00,1,socket.dev:2026-10-08,Listed as a SHA-256 hash of a malicious Google account takeover payload
sha256,f1b8329075b1cbd1ae0a5dc947bd00f94642cb166a86c2455a1d0b10aee9f2b1,high,2026-10-08T10:04:16.417854+00:00,2026-10-08T10:04:16.417854+00:00,1,socket.dev:2026-10-08,Listed as a hash of an onInstalled landing page used by attackers
sha256,2aa7f13bf474e2ce5049fd4db2bf4da04b4ce51ac0d36dceb24865255241c937,high,2026-10-08T10:00:14+00:00,2026-10-08T10:00:14+00:00,1,Blog.Talosintelligence:2026-10-08,Listed as a sample hash in a malware analysis
sha256,2e3e1bcd44cc3cbec4f5ca9991d14a326d3cc6bf76fe6e0d434c9b5f7e1ae6ab,high,2026-10-08T10:00:14+00:00,2026-10-08T10:00:14+00:00,1,Blog.Talosintelligence:2026-10-08,Listed as a sample hash in a malware analysis
sha256,34098fe0bc4c69c4c4eb3f74688fb375326804536d25e5574e8c4c28c113b5c3,high,2026-10-08T10:00:14+00:00,2026-10-08T10:00:14+00:00,1,Blog.Talosintelligence:2026-10-08,Listed as a sample hash in a malware analysis
sha256,389066bd5543aeea363d23a4dce7f7a21c7f2c73c61f506a93a69f594cf48ecf,high,2026-10-08T10:00:14+00:00,2026-10-08T10:00:14+00:00,1,Blog.Talosintelligence:2026-10-08,Listed as a sample hash in a malware analysis
sha256,5f60d16fa67ff8ef07817c33b7e6b7fa91c6c21060020df46b1f5c56e076e259,high,2026-10-08T10:00:14+00:00,2026-10-08T10:00:14+00:00,1,Blog.Talosintelligence:2026-10-08,Listed as a sample hash in a malware analysis
sha256,7dd3747d777f9576a11004532b463351e7718b6af193d8ee7221ac41479d199a,high,2026-10-08T10:00:14+00:00,2026-10-08T10:00:14+00:00,1,Blog.Talosintelligence:2026-10-08,Listed as a sample hash in a malware analysis
sha256,a0294f7152f9c4c908e9def58279e9fa29952715947c950c8489949f26a15cc8,high,2026-10-08T10:00:14+00:00,2026-10-08T10:00:14+00:00,1,Blog.Talosintelligence:2026-10-08,Listed as a sample hash in a malware analysis
sha256,a42632c68d2dcea06300e790c9440fe0943ce0dee2075f29170fd2774eacf433,high,2026-10-08T10:00:14+00:00,2026-10-08T10:00:14+00:00,1,Blog.Talosintelligence:2026-10-08,Listed as a sample hash in a malware analysis
sha256,bacb5794a300f7a88c7f6d458382eb11d2f39c0f496b509ca512afe8588fc33f,high,2026-10-08T10:00:14+00:00,2026-10-08T10:00:14+00:00,1,Blog.Talosintelligence:2026-10-08,Listed as a sample hash in a malware analysis
sha256,c17bf76d02163863c251c3bb3a12725eeb525fab5522521923925e0469ca269f,high,2026-10-08T10:00:14+00:00,2026-10-08T10:00:14+00:00,1,Blog.Talosintelligence:2026-10-08,Listed as a sample hash in a malware analysis
sha256,f8f5e0440c57c7deffd75ca33e2511867039796aa803e7ef847396a379188a7d,high,2026-10-08T10:00:14+00:00,2026-10-08T10:00:14+00:00,1,Blog.Talosintelligence:2026-10-08,Listed as a sample hash in a malware analysis
sha256,0801b24d2708b3f6195c8156d3661c027d678f5be064906db4fefe74e1a74b17,high,2026-10-07T23:01:57.464999+00:00,2026-10-07T23:01:57.464999+00:00,1,checkmarx.com:2026-10-07,Listed as a malware variant for Linux in a threat report.
sha256,3f4445eaf22cf236b5aeff5a5c24bf6dbc4c25dc926239b8732b351b09698653,high,2026-10-07T23:01:57.464999+00:00,2026-10-07T23:01:57.464999+00:00,1,checkmarx.com:2026-10-07,Listed as a malware variant for macOS in a threat report.
sha256,df67a118cacf68ffe5610e8acddbe38db9fb702b473c941f4ea0320943ef32ba,high,2026-10-07T23:01:57.464999+00:00,2026-10-07T23:01:57.464999+00:00,1,checkmarx.com:2026-10-07,Listed as a malware variant for Windows in a threat report.
md5,0328dedfce54e185ad395ac44aa4223c,high,2026-10-07T18:01:35.445490+00:00,2026-10-07T18:01:35.445490+00:00,1,securelist.com:2026-10-07,Listed as a Turla malware sample hash
md5,18da7eea4e8a862a19c8c4f10d7341c0,high,2026-10-07T18:01:35.445490+00:00,2026-10-07T18:01:35.445490+00:00,1,securelist.com:2026-10-07,Listed as a Turla malware sample hash
md5,2a7670aa9d1cc64e61fd50f9f64296f9,high,2026-10-07T18:01:35.445490+00:00,2026-10-07T18:01:35.445490+00:00,1,securelist.com:2026-10-07,Listed as a Turla malware sample hash
md5,49d6cf436aa7bc5314aa4e78608872d8,high,2026-10-07T18:01:35.445490+00:00,2026-10-07T18:01:35.445490+00:00,1,securelist.com:2026-10-07,Listed as a Turla malware sample hash
md5,594cb9523e32a5bbf4eb1c491f06d4f9,high,2026-10-07T18:01:35.445490+00:00,2026-10-07T18:01:35.445490+00:00,1,securelist.com:2026-10-07,Listed as a Turla malware sample hash
md5,a44ee30f9f14e156ac0c2137af595cf7,high,2026-10-07T18:01:35.445490+00:00,2026-10-07T18:01:35.445490+00:00,1,securelist.com:2026-10-07,Listed as a Turla malware sample hash
md5,b0a1301bc25cfbe66afe596272f56475,high,2026-10-07T18:01:35.445490+00:00,2026-10-07T18:01:35.445490+00:00,1,securelist.com:2026-10-07,Listed as a Turla malware sample hash
md5,bcfee2fb5dbc111bfa892ff9e19e45c1,high,2026-10-07T18:01:35.445490+00:00,2026-10-07T18:01:35.445490+00:00,1,securelist.com:2026-10-07,Listed as a Turla malware sample hash
md5,d5bd7211332d31dcead4bfb07b288473,high,2026-10-07T18:01:35.445490+00:00,2026-10-07T18:01:35.445490+00:00,1,securelist.com:2026-10-07,Listed as a Turla malware sample hash
md5,d6211fec96c60114d41ec83874a1b31d,high,2026-10-07T18:01:35.445490+00:00,2026-10-07T18:01:35.445490+00:00,1,securelist.com:2026-10-07,Listed as a Turla malware sample hash
md5,e29a3cc864d943f0e3ede404a32f4189,high,2026-10-07T18:01:35.445490+00:00,2026-10-07T18:01:35.445490+00:00,1,securelist.com:2026-10-07,Listed as a Turla malware sample hash
md5,f5916f8f004ffb85e93b4d205576a247,high,2026-10-07T18:01:35.445490+00:00,2026-10-07T18:01:35.445490+00:00,1,securelist.com:2026-10-07,Listed as a Turla malware sample hash
sha256,0aed5f24ce625ee6b9422083302766f74b0b9a57e1b18213328b950cc7057e35,high,2026-10-07T15:43:09.619000+00:00,2026-10-07T15:43:09.619000+00:00,1,Socket.Dev:2026-10-07,Listed as a SHA-256 hash of a malicious extension
sha256,225f5d6c5d70a7e7f3abf62ea0dda1cf8bf8e70565f7db748b0d8fa602da939b,high,2026-10-07T15:43:09.619000+00:00,2026-10-07T15:43:09.619000+00:00,1,Socket.Dev:2026-10-07,Listed as a SHA-256 hash of a malicious extension
sha256,2f9270269e631bc4fd634d741afcfc3df8f54e43e40b16f38660fe8ce6c26f51,high,2026-10-07T15:43:09.619000+00:00,2026-10-07T15:43:09.619000+00:00,1,Socket.Dev:2026-10-07,Listed as a SHA-256 hash of a malicious extension
sha256,4512389444a767f12211beeb5f2ad165aca4a558e88e8f111affb30b77ed6a5a,high,2026-10-07T15:43:09.619000+00:00,2026-10-07T15:43:09.619000+00:00,1,Socket.Dev:2026-10-07,Listed as a SHA-256 hash of a malicious extension
sha256,458e7255438f15aaede02fd7f8fcfdf762aa6e08608b9546fe8aa8aa399c76b7,high,2026-10-07T15:43:09.619000+00:00,2026-10-07T15:43:09.619000+00:00,1,Socket.Dev:2026-10-07,Listed as a SHA-256 hash of a malicious extension
sha256,635b31b4a19b5673fcbe0fedeb3f7ed2c27fddb739685f19ca5f3d1f1d7f0083,high,2026-10-07T15:43:09.619000+00:00,2026-10-07T15:43:09.619000+00:00,1,Socket.Dev:2026-10-07,Listed as a SHA-256 hash of a malicious extension
sha256,6b53369fb868efb92b60af40fbd5906fa3d3d8785a7878b4af6e4efd333a4de8,high,2026-10-07T15:43:09.619000+00:00,2026-10-07T15:43:09.619000+00:00,1,Socket.Dev:2026-10-07,Listed as a SHA-256 hash of a malicious extension
sha256,71ec70479ab78efb1e1f9507f8ff7348d5711c837cc50a0120f3a188c340f3f4,high,2026-10-07T15:43:09.619000+00:00,2026-10-07T15:43:09.619000+00:00,1,Socket.Dev:2026-10-07,Listed as a SHA-256 hash of a malicious extension
sha256,7d9d7e80ed52350616be0215a7ded10aaeb9aaa64e34ff8af7f9177c8c855799,high,2026-10-07T15:43:09.619000+00:00,2026-10-07T15:43:09.619000+00:00,1,Socket.Dev:2026-10-07,Listed as a SHA-256 hash of a malicious extension
sha256,8906dd85b0991fac14e5973b3f3f61d93ef1101504cb5867a004c762ee184ef7,high,2026-10-07T15:43:09.619000+00:00,2026-10-07T15:43:09.619000+00:00,1,Socket.Dev:2026-10-07,Listed as a SHA-256 hash of a malicious extension
sha256,9fea0ee3c81047f5e50eeb3a2ab2a7cd70357f3e49944b7079ab3e90c9ea0e8b,high,2026-10-07T15:43:09.619000+00:00,2026-10-07T15:43:09.619000+00:00,1,Socket.Dev:2026-10-07,Listed as a SHA-256 hash of a malicious extension
sha256,b02ae1d5a0d2a5b28f8baa2afcdc7d7090fab051536303cba3ba1f17860da980,high,2026-10-07T15:43:09.619000+00:00,2026-10-07T15:43:09.619000+00:00,1,Socket.Dev:2026-10-07,Listed as a SHA-256 hash of a malicious extension
sha256,bb8f60b3f77d96adc93bf0515b34df7c5f1f560a9f6d0c353b7d849609e3557d,high,2026-10-07T15:43:09.619000+00:00,2026-10-07T15:43:09.619000+00:00,1,Socket.Dev:2026-10-07,Listed as a SHA-256 hash of a malicious extension
sha256,be246ca5cb1372394e0443df45454f88ca39eb4a8dcfc4a99cb8865100fb4897,high,2026-10-07T15:43:09.619000+00:00,2026-10-07T15:43:09.619000+00:00,1,Socket.Dev:2026-10-07,Listed as a SHA-256 hash of a malicious extension
sha256,c550f0860012e0dfab14ed65a9425961e22025e0ab23fd9d69d294a8aa34db2f,high,2026-10-07T15:43:09.619000+00:00,2026-10-07T15:43:09.619000+00:00,1,Socket.Dev:2026-10-07,Listed as a SHA-256 hash of a malicious extension
sha256,d9432e41e0401715bce4ce11f4a7104d94fab1ec89be553ba57a2097e418c1a1,high,2026-10-07T15:43:09.619000+00:00,2026-10-07T15:43:09.619000+00:00,1,Socket.Dev:2026-10-07,Listed as a SHA-256 hash of a malicious extension
sha256,da447fe02e4577da97144a4d92b395078954fde1ff196746413837e1e4a20bcd,high,2026-10-07T15:43:09.619000+00:00,2026-10-07T15:43:09.619000+00:00,1,Socket.Dev:2026-10-07,Listed as a SHA-256 hash of a malicious extension
sha256,e5c9a29d5ba0f53a49d8b333bfab17bf9878f94e8c3f325f5afacad44bb26fb5,high,2026-10-07T15:43:09.619000+00:00,2026-10-07T15:43:09.619000+00:00,1,Socket.Dev:2026-10-07,Listed as a SHA-256 hash of a malicious extension
sha256,e96c75cd0c9b35000b4a3ec12d5dd23ca157e94aee7271a0fe8d8d7c9f2e9096,high,2026-10-07T15:43:09.619000+00:00,2026-10-07T15:43:09.619000+00:00,1,Socket.Dev:2026-10-07,Listed as a SHA-256 hash of a malicious extension
sha256,eb134bbf73046800c8177383754cf754b8776ec30cf5cc8a13655d259e49a4bf,high,2026-10-07T15:43:09.619000+00:00,2026-10-07T15:43:09.619000+00:00,1,Socket.Dev:2026-10-07,Listed as a SHA-256 hash of a malicious extension
sha256,faf174414ddc7099360c4ae4d16497b9846cfae71ffad5bbab820bba657f94d3,high,2026-10-07T15:43:09.619000+00:00,2026-10-07T15:43:09.619000+00:00,1,Socket.Dev:2026-10-07,Listed as a SHA-256 hash of a malicious extension
sha256,5956f9afb3ba610c38b2cfda88dd15be98783963769a12020c93ce05e749b3c3,high,2026-10-07T13:04:03+00:00,2026-10-07T13:04:03+00:00,1,Huntress:2026-10-07,SHA256 hash listed as an initial rogue ScreenConnect client.
sha256,30a8cf3e6863030c762b468bf48d679f3dd053a80793770443938fa18de89617,high,2026-10-07T08:18:23+00:00,2026-10-07T08:18:23+00:00,1,Rescana:2026-10-07,Confirmed SHA256 hash of the Termite ransomware sample.
sha256,5c4e263546fb21f8fe8732789a5b6583eaa8ae11ebeef099462a7c9bf50e022d,high,2026-10-06T15:01:27.216140+00:00,2026-10-06T15:01:27.216140+00:00,1,www.fortinet.com:2026-10-06,SHA256 hash listed among malware samples
sha256,dfba6008a2c828a9cb62342aec53006ae05a60cb8d4c41c3fa216fd727e8c6a3,high,2026-10-06T15:01:27.216140+00:00,2026-10-06T15:01:27.216140+00:00,1,www.fortinet.com:2026-10-06,SHA256 hash listed among malware samples
sha256,0c0e0f9b09b80d87ebc88e2870907b6cacb4cd7703584baf8f2be1fd9438696d,high,2026-10-06T13:46:20.424296+00:00,2026-10-06T13:46:20.424296+00:00,1,www.cisa.gov:2026-10-06,Listed in a table of Akira ransomware IOCs
sha256,0ee1d284ed663073872012c7bde7fac5ca1121403f1a5d2d5411317df282796c,high,2026-10-06T13:46:20.424296+00:00,2026-10-06T13:46:20.424296+00:00,1,www.cisa.gov:2026-10-06,Listed in a table of Akira ransomware IOCs
sha256,131da83b521f610819141d5c740313ce46578374abb22ef504a7593955a65f07,high,2026-10-06T13:46:20.424296+00:00,2026-10-06T13:46:20.424296+00:00,1,www.cisa.gov:2026-10-06,Listed in a table of Akira ransomware IOCs
sha256,2f629395fdfa11e713ea8bf11d40f6f240acf2f5fcf9a2ac50b6f7fbc7521c83,high,2026-10-06T13:46:20.424296+00:00,2026-10-06T13:46:20.424296+00:00,1,www.cisa.gov:2026-10-06,Listed in a table of Akira ransomware IOCs
sha256,3298d203c2acb68c474e5fdad8379181890b4403d6491c523c13730129be3f75,high,2026-10-06T13:46:20.424296+00:00,2026-10-06T13:46:20.424296+00:00,1,www.cisa.gov:2026-10-06,Listed in a table of Akira ransomware IOCs
sha256,7f731cc11f8e4d249142e99a44b9da7a48505ce32c4ee4881041beeddb3760be,high,2026-10-06T13:46:20.424296+00:00,2026-10-06T13:46:20.424296+00:00,1,www.cisa.gov:2026-10-06,Listed in a table of Akira ransomware IOCs
sha256,95477703e789e6182096a09bc98853e0a70b680a4f19fa2bf86cbb9280e8ec5a,high,2026-10-06T13:46:20.424296+00:00,2026-10-06T13:46:20.424296+00:00,1,www.cisa.gov:2026-10-06,Listed in a table of Akira ransomware IOCs
sha256,9585af44c3ff8fd921c713680b0c2b3bbc9d56add848ed62164f7c9b9f23d065,high,2026-10-06T13:46:20.424296+00:00,2026-10-06T13:46:20.424296+00:00,1,www.cisa.gov:2026-10-06,Listed in a table of Akira ransomware IOCs
sha256,9f393516edf6b8e011df6ee991758480c5b99a0efbfd68347786061f0e04426c,high,2026-10-06T13:46:20.424296+00:00,2026-10-06T13:46:20.424296+00:00,1,www.cisa.gov:2026-10-06,Listed in a table of Akira ransomware IOCs
sha256,c9c94ac5e1991a7db42c7973e328fceeb6f163d9f644031bdfd4123c7b3898b0,high,2026-10-06T13:46:20.424296+00:00,2026-10-06T13:46:20.424296+00:00,1,www.cisa.gov:2026-10-06,Listed in a table of Akira ransomware IOCs
sha256,dfe6fddc67bdc93b9947430b966da2877fda094edf3e21e6f0ba98a84bc53198,high,2026-10-06T13:46:20.424296+00:00,2026-10-06T13:46:20.424296+00:00,1,www.cisa.gov:2026-10-06,Listed in a table of Akira ransomware IOCs
sha256,ffd9f58e5fe8502249c67cad0123ceeeaa6e9f69b4ec9f9e21511809849eb8fc,high,2026-10-06T13:46:20.424296+00:00,2026-10-06T13:46:20.424296+00:00,1,www.cisa.gov:2026-10-06,Listed in a table of Akira ransomware IOCs
sha256,d00833318a04caa019c6f95dcb3598ad947d405010bfb2f3cbd04530a00bc3a4,high,2026-10-06T13:00:00+00:00,2026-10-06T13:00:00+00:00,1,Huntress:2026-10-06,"Listed as a hash of svchost.exe, a malicious executable"
sha256,3fd810a3aa0039993393741b32287c367a9a5037a41e826906440887cdd3ed13,high,2026-10-06T10:05:56+00:00,2026-10-06T10:05:56+00:00,1,Unit42.Paloaltonetworks:2026-10-06,"Listed as a hash of PsProxy.dll, an in-memory PowerShell execution engine"
sha256,53f35e49eb9b271fd8cbcd3daacb525328dbf159a03dbd1c7adebe0363daa402,high,2026-10-06T10:05:56+00:00,2026-10-06T10:05:56+00:00,1,Unit42.Paloaltonetworks:2026-10-06,Hash listed as a malware payload
sha256,6e7d9b33f1e72ea1ede71373a604ecdb060dab7d42055179c1eede9ecd1fd239,high,2026-10-06T10:05:56+00:00,2026-10-06T10:05:56+00:00,1,Unit42.Paloaltonetworks:2026-10-06,Hash listed as a malware payload
sha256,76273382e4252c1f60a2251141e108942494409c759358320735891762c0682e,high,2026-10-06T10:05:56+00:00,2026-10-06T10:05:56+00:00,1,Unit42.Paloaltonetworks:2026-10-06,"Listed as a hash of Blackwood.dll, a custom Chisel tunneling wrapper"
sha256,7cc571aca6d8715d9aaad3d83e1bcd30467565d583db1dfe73697c5d00a1f875,high,2026-10-06T10:05:56+00:00,2026-10-06T10:05:56+00:00,1,Unit42.Paloaltonetworks:2026-10-06,"Listed as a hash of Blackwood archive, contacting an IP"
sha256,d3561bd4aad003dc3e08157b0891860bb496b80cd6e44901692e08ab1d4e8260,high,2026-10-06T10:05:56+00:00,2026-10-06T10:05:56+00:00,1,Unit42.Paloaltonetworks:2026-10-06,"Listed as a hash of Blackwood.dll.conf, contacting an IP"
sha256,f5b12772db6817f7a765a6fe7565fd3d4f87edc28e42fe3ec0244a372a410fc9,high,2026-10-06T10:05:56+00:00,2026-10-06T10:05:56+00:00,1,Unit42.Paloaltonetworks:2026-10-06,"Listed as a hash of FlightManager.csproj, a weaponized project file"
sha256,f5ba1645694c62f527ed6ceda8c68a5c3dd92b4032439167e8e937e72803b4bd,high,2026-10-06T10:05:56+00:00,2026-10-06T10:05:56+00:00,1,Unit42.Paloaltonetworks:2026-10-06,"Listed as a hash of Blackwood archive, contacting an IP"
sha1,08636d09d9ffd1713bd6bcb965ad40b6ce3de1aa,high,2026-10-06T08:37:33.517997+00:00,2026-10-06T08:37:33.517997+00:00,1,www.nozominetworks.com:2026-10-06,SHA1 hash of a malware sample
sha1,3b0ac6aaabb3bf8058ca14f9c8ccc613cfa3ea71,high,2026-10-06T08:37:33.517997+00:00,2026-10-06T08:37:33.517997+00:00,1,www.nozominetworks.com:2026-10-06,SHA1 hash of a malware sample
sha256,3a6927a3399f2a10bb2e2229482e5096e5f1c3401a87f7f1730db11243531e28,high,2026-10-06T08:37:33.517997+00:00,2026-10-06T08:37:33.517997+00:00,1,www.nozominetworks.com:2026-10-06,SHA256 hash of a malware sample
sha256,90d738a8d650e3fefda9d7efa4baa11bd89ab05fcf0eb173e04aa01a52b465e2,high,2026-10-06T08:37:33.517997+00:00,2026-10-06T08:37:33.517997+00:00,1,www.nozominetworks.com:2026-10-06,SHA256 hash of a malware sample
sha256,031267ee37c5a84c25cb0542cbfeb49f30d5604305b0bdccdeafbedcbbe6849b,high,2026-10-05T17:31:02.783382+00:00,2026-10-05T17:31:02.783382+00:00,1,github.com:2026-10-05,Hash listed as a tarball SHA-256 in a malware analysis
sha256,f0c8b0cde86b98a2869a22fd43ffcf61f1dcca252729e2be291e590e3dc5f49a,high,2026-10-05T17:31:02.783382+00:00,2026-10-05T17:31:02.783382+00:00,1,github.com:2026-10-05,Hash listed as a manifest-cache.js SHA-256 in a malware analysis
md5,1cd6d13ff15adbf7a42025d10ec99b4a,high,2026-10-04T15:32:15.265954+00:00,2026-10-04T15:32:15.265954+00:00,1,www.sentinelone.com:2026-10-04,Listed in a malware analysis as a malicious file hash
sha1,02df07a173ab03b82a4fb6a08973fff8b1467f28,high,2026-10-04T15:32:15.265954+00:00,2026-10-04T15:32:15.265954+00:00,1,www.sentinelone.com:2026-10-04,Listed in a malware analysis as a malicious file hash
sha1,4ad92bf92ee614b05c340ce17bef7b6ef5a25e82,high,2026-10-04T15:32:15.265954+00:00,2026-10-04T15:32:15.265954+00:00,1,www.sentinelone.com:2026-10-04,Listed in a malware analysis as a malicious file hash
sha1,5728b11d30586bbfc1d8bd12df1c722a06e767a2,high,2026-10-04T15:32:15.265954+00:00,2026-10-04T15:32:15.265954+00:00,1,www.sentinelone.com:2026-10-04,Listed in a malware analysis as a malicious file hash
sha1,c491d477dbe0ae04e9aed9dbe237144c03f73ec4,high,2026-10-04T15:32:15.265954+00:00,2026-10-04T15:32:15.265954+00:00,1,www.sentinelone.com:2026-10-04,Listed in a malware analysis as a malicious file hash
sha256,4b2d3e8ccce8920a6d01e7d02b84236545a20e5f754b3eec253f8b416b731daa,high,2026-10-04T15:32:15.265954+00:00,2026-10-04T15:32:15.265954+00:00,1,www.sentinelone.com:2026-10-04,Listed in a malware analysis as a malicious file hash
md5,0c62cf7354f80d5519b71656540567a1,high,2026-10-02T16:30:54.631735+00:00,2026-10-02T16:30:54.631735+00:00,1,www.proofpoint.com:2026-10-02,Listed as a malicious file hash in a threat report
md5,4845456f078aa3b7ed5221b8fcda5bb4,high,2026-10-02T16:30:54.631735+00:00,2026-10-02T16:30:54.631735+00:00,1,www.proofpoint.com:2026-10-02,Listed as a malicious file hash in a threat report
md5,d78bd216a4811d8eba37576dbe186492,high,2026-10-02T16:30:54.631735+00:00,2026-10-02T16:30:54.631735+00:00,1,www.proofpoint.com:2026-10-02,Listed as a malicious file hash in a threat report
sha256,0b9447cb00ae657365eb2b771f4f2c505e44ca96a0a062d54f3b8544215fc082,high,2026-10-02T16:30:54.631735+00:00,2026-10-02T16:30:54.631735+00:00,1,www.proofpoint.com:2026-10-02,ScanBox sample hash listed in a malware indicators section
sha256,18db4296309da48665121899c62ed8fb10f4f8d22e44fd70d2f9ac8902896db1,high,2026-10-02T16:30:54.631735+00:00,2026-10-02T16:30:54.631735+00:00,1,www.proofpoint.com:2026-10-02,ScanBox sample hash listed in a malware indicators section
sha256,2a17927834995441c18d1b1b7ec9594eedfccaacca11e52401f83a82a982760e,high,2026-10-02T16:30:54.631735+00:00,2026-10-02T16:30:54.631735+00:00,1,www.proofpoint.com:2026-10-02,ScanBox sample hash listed in a malware indicators section
sha256,2f204f3b3abc97efc74b6fa016a874f9d4addb8ac70857267cc8e4feb9dbba26,high,2026-10-02T16:30:54.631735+00:00,2026-10-02T16:30:54.631735+00:00,1,www.proofpoint.com:2026-10-02,ScanBox sample hash listed in a malware indicators section
sha256,3d37a977f36e8448b087f8e114fe2a1db175372d4b84902887808a6fb0c8028f,high,2026-10-02T16:30:54.631735+00:00,2026-10-02T16:30:54.631735+00:00,1,www.proofpoint.com:2026-10-02,ScanBox sample hash listed in a malware indicators section
sha256,4dedb022d3c43db6cddd87f250db4758bd88c967f98302d97879d9fc4fadd8a2,high,2026-10-02T16:30:54.631735+00:00,2026-10-02T16:30:54.631735+00:00,1,www.proofpoint.com:2026-10-02,ScanBox sample hash listed in a malware indicators section
sha256,5a1c689cddb036ca589f6f2e53d323109b94ce062a09fb5b7c5a2efedd7306bc,high,2026-10-02T16:30:54.631735+00:00,2026-10-02T16:30:54.631735+00:00,1,www.proofpoint.com:2026-10-02,ScanBox sample hash listed in a malware indicators section
sha256,7795936ed1bdb7a5756c1ff821b2dc8739966abbb00e3e0ae114ee728bf1cf1a,high,2026-10-02T16:30:54.631735+00:00,2026-10-02T16:30:54.631735+00:00,1,www.proofpoint.com:2026-10-02,ScanBox sample hash listed in a malware indicators section
sha256,cb981d04f21a97fdb46b101a882a3490e245760489f4122deb4a0ac951a8eaee,high,2026-10-02T16:30:54.631735+00:00,2026-10-02T16:30:54.631735+00:00,1,www.proofpoint.com:2026-10-02,ScanBox sample hash listed in a malware indicators section
sha256,e8a919e0e02fecfe538a8698250ac3eaba969e2af2cc9d96fc86675a658e201e,high,2026-10-02T16:30:54.631735+00:00,2026-10-02T16:30:54.631735+00:00,1,www.proofpoint.com:2026-10-02,"Listed as a ScanBox sample hash, indicating attacker control"
sha256,084b92365a25e6cd5fc43efe522e5678a2f1e307bf69dd9a61eb37f81f304cc6,high,2026-10-02T16:30:52.506675+00:00,2026-10-02T16:30:52.506675+00:00,1,www.proofpoint.com:2026-10-02,Listed in a malware indicators section
sha256,0d992762c69d624a1f14a8a230f8a7d36d190b49e787fd146e9010e943c5ef78,high,2026-10-02T16:30:52.506675+00:00,2026-10-02T16:30:52.506675+00:00,1,www.proofpoint.com:2026-10-02,Listed in a malware indicators section
sha256,1016ba708fb21385b12183b3430b64df10a8a1af8355b27dd523d99ca878ffbb,high,2026-10-02T16:30:52.506675+00:00,2026-10-02T16:30:52.506675+00:00,1,www.proofpoint.com:2026-10-02,Listed in a malware indicators section
sha256,13fad7c6d0accb9e0211a7b26849cf96c333cf6dfa21b40b65a7582b79110e4b,high,2026-10-02T16:30:52.506675+00:00,2026-10-02T16:30:52.506675+00:00,1,www.proofpoint.com:2026-10-02,Listed in a malware indicators section
sha256,1a2530010ecb11f0ce562c0db0380416a10106e924335258ccbba0071a19c852,high,2026-10-02T16:30:52.506675+00:00,2026-10-02T16:30:52.506675+00:00,1,www.proofpoint.com:2026-10-02,Listed in a malware indicators section
sha256,338f072cc1e08f1ed094d88aa398472e3f04a8841be2ff70f1c7a2e4476d8ef7,high,2026-10-02T16:30:52.506675+00:00,2026-10-02T16:30:52.506675+00:00,1,www.proofpoint.com:2026-10-02,Listed in a malware indicators section
sha256,4ee77f1261bb3ad1d9d7114474a8809929f4a0e7f9672b19048e1b6ac7acb15c,high,2026-10-02T16:30:52.506675+00:00,2026-10-02T16:30:52.506675+00:00,1,www.proofpoint.com:2026-10-02,Listed in a malware indicators section
sha256,7bffd21315e324ef7d6c4401d1bf955817370b65ae57736b20ced2c5c08b9814,high,2026-10-02T16:30:52.506675+00:00,2026-10-02T16:30:52.506675+00:00,1,www.proofpoint.com:2026-10-02,Listed in a malware indicators section
sha256,82ecfe0ada6f7c0cea78bca2e8234241f1a1b8670b5b970df5e2ee255c3a56ef,high,2026-10-02T16:30:52.506675+00:00,2026-10-02T16:30:52.506675+00:00,1,www.proofpoint.com:2026-10-02,Listed in a malware indicators section
sha256,85e4809e80e20d9a532267b22d7f898009e74ed0dbf7093bfa9a8d2d5403f3f9,high,2026-10-02T16:30:52.506675+00:00,2026-10-02T16:30:52.506675+00:00,1,www.proofpoint.com:2026-10-02,Listed in a malware indicators section
sha256,9b2cbcf2e0124d79130c4049f7b502246510ab681a3a84224b78613ef322bc79,high,2026-10-02T16:30:52.506675+00:00,2026-10-02T16:30:52.506675+00:00,1,www.proofpoint.com:2026-10-02,Listed in a malware indicators section
sha256,bab8618bc6fc3fdfa7870b5fe0f52b570fabf0243d066f410a7e76ebeed0088c,high,2026-10-02T16:30:52.506675+00:00,2026-10-02T16:30:52.506675+00:00,1,www.proofpoint.com:2026-10-02,Listed in a malware indicators section
sha256,bbdad59db64c48f0a9eb3e8f2600314b0e3ebd200e72fa96bf5a84dd29d64ac5,high,2026-10-02T16:30:52.506675+00:00,2026-10-02T16:30:52.506675+00:00,1,www.proofpoint.com:2026-10-02,Listed in a malware indicators section
sha256,cd009ea4c682b61963210cee16ed663eee20c91dd56483d456e03726e09c89a7,high,2026-10-02T16:30:52.506675+00:00,2026-10-02T16:30:52.506675+00:00,1,www.proofpoint.com:2026-10-02,Listed in a malware indicators section
sha256,d3a71c6b7f4be856e0cd66b7c67ca0c8eef250bc737a648032d9d67c2c37d911,high,2026-10-02T16:30:52.506675+00:00,2026-10-02T16:30:52.506675+00:00,1,www.proofpoint.com:2026-10-02,Listed in a malware indicators section
sha256,d51c195b698c411353b10d5b1795cbc06040b663318e220a2d121727c0bb4e43,high,2026-10-02T16:30:52.506675+00:00,2026-10-02T16:30:52.506675+00:00,1,www.proofpoint.com:2026-10-02,Listed in a malware indicators section
sha256,d783c40c0e15b73b62f28d611f7990793b7e5ba2436e203000a22161e0a00d0e,high,2026-10-02T16:30:52.506675+00:00,2026-10-02T16:30:52.506675+00:00,1,www.proofpoint.com:2026-10-02,"Listed in a malware indicators section, suggesting attacker control"
sha256,ec5fef700d1ed06285af1f2d01fa3db5ea924de3c2da2f0e6b7a534f69d8409c,high,2026-10-02T16:30:52.506675+00:00,2026-10-02T16:30:52.506675+00:00,1,www.proofpoint.com:2026-10-02,"Listed in a malware indicators section, suggesting attacker control"
sha256,fc8f7185a90af4bf44332e85872aa7c190949e3ec70055a38af57690b6604e3c,high,2026-10-02T16:30:52.506675+00:00,2026-10-02T16:30:52.506675+00:00,1,www.proofpoint.com:2026-10-02,"Listed in a malware indicators section, suggesting attacker control"
sha256,ffd69146c5b02305ac74c514cab28d5211a473a6c28d7366732fdc4797425288,high,2026-10-02T16:30:52.506675+00:00,2026-10-02T16:30:52.506675+00:00,1,www.proofpoint.com:2026-10-02,"Listed in a malware indicators section, suggesting attacker control"
sha256,4ef3a6703abc6b2b8e2cac3031c1e5b86fe8b377fde92737349ee52bd2604379,high,2026-10-02T16:30:51.440394+00:00,2026-10-02T16:30:51.440394+00:00,1,www.proofpoint.com:2026-10-02,Listed as a SHA256 hash of a malicious file
sha256,71f5ce42714289658200739ce0bbe439f6ef6fe77a5f6757b1cf21200fc59af7,high,2026-10-02T16:30:51.440394+00:00,2026-10-02T16:30:51.440394+00:00,1,www.proofpoint.com:2026-10-02,Listed as a SHA256 hash of a malicious file
sha256,da749785033087ca5d47ee65aef2818d4ed81ef217bfd4bc07be2d0bf105b1bf,high,2026-10-02T16:30:51.440394+00:00,2026-10-02T16:30:51.440394+00:00,1,www.proofpoint.com:2026-10-02,Listed as a SHA256 hash of a malicious file
sha256,fc779f02a40948568321d7f11b5432676e2be65f037acfed344b36cc3dac16fc,high,2026-10-02T16:30:51.440394+00:00,2026-10-02T16:30:51.440394+00:00,1,www.proofpoint.com:2026-10-02,Listed as a SHA256 hash of a malicious file
sha256,feae7b2b79c533a522343ac9e1aa7f8a2cdf38691fbd333537cb15dd2ee9397e,high,2026-10-02T16:30:51.440394+00:00,2026-10-02T16:30:51.440394+00:00,1,www.proofpoint.com:2026-10-02,Listed as a SHA256 hash of a malicious file
md5,3c434d7b73be228dfa4fb3f9367910d3,high,2026-10-02T15:45:32.454634+00:00,2026-10-02T15:45:32.454634+00:00,1,securelist.com:2026-10-02,Listed as a malicious file hash in a threat report
md5,a67d3a0974f0941f1860cb81ebc4c37c,high,2026-10-02T15:45:32.454634+00:00,2026-10-02T15:45:32.454634+00:00,1,securelist.com:2026-10-02,Listed as a malicious file hash in a threat report
md5,a7441033925c390ddfc360b545750ff4,high,2026-10-02T15:45:32.454634+00:00,2026-10-02T15:45:32.454634+00:00,1,securelist.com:2026-10-02,Listed as a malicious file hash in a threat report
md5,e563e3113918a59745e98e2a425b4e81,high,2026-10-02T15:45:32.454634+00:00,2026-10-02T15:45:32.454634+00:00,1,securelist.com:2026-10-02,Listed as a malicious file hash in a threat report
md5,f19b2e94ddfcc7bcee9c2065ebeaa66c,high,2026-10-02T15:45:32.454634+00:00,2026-10-02T15:45:32.454634+00:00,1,securelist.com:2026-10-02,Listed as a malicious file hash in a threat report
sha256,0457414c4504b70115798eee9c8384a8bf9e793461ffb2e0661a6dcc6ed4809f,high,2026-10-02T15:30:34.250774+00:00,2026-10-02T15:30:34.250774+00:00,1,www.huntress.com:2026-10-02,Identified as a patched DLL used in the attack
sha256,14e3376befd4b7b52de0757b6264da294ac6b0f9e4ff51cb9bc5b19b243fe335,high,2026-10-02T15:30:34.250774+00:00,2026-10-02T15:30:34.250774+00:00,1,www.huntress.com:2026-10-02,Identified as an obfuscated ClickFix stager used in the attack
sha256,20c7befc174a61117770535e809046c75e93c71284bf1a9c6cd532f55b315f53,high,2026-10-02T15:30:34.250774+00:00,2026-10-02T15:30:34.250774+00:00,1,www.huntress.com:2026-10-02,Identified as a decoded payload used in the attack
sha256,3cd1484cc5bf10e22d79784beba58a75d7b126c46efb5e1a85d6aab884447621,high,2026-10-02T15:30:34.250774+00:00,2026-10-02T15:30:34.250774+00:00,1,www.huntress.com:2026-10-02,Identified as a loader DLL used in the attack
sha256,54c94f85ba6e950903d5ff42c0971c5a9d0741596be26e06afe7d60ec38edf31,high,2026-10-02T15:30:34.250774+00:00,2026-10-02T15:30:34.250774+00:00,1,www.huntress.com:2026-10-02,Identified as an audio file carrying the encrypted loader
sha256,9c615db040b88c18ce6b96f30d08797045b7d506f940bea452dc7a6992fdbb8d,high,2026-10-02T15:30:34.250774+00:00,2026-10-02T15:30:34.250774+00:00,1,www.huntress.com:2026-10-02,Identified as a malicious helper DLL used in the attack
sha256,a27cafb84876a3374ef4aba1062345def6cd0b029eaf8e0dc44fa24fc943f3c6,high,2026-10-02T15:30:34.250774+00:00,2026-10-02T15:30:34.250774+00:00,1,www.huntress.com:2026-10-02,Identified as a network helper DLL used in the attack
sha256,ab65bbfc505dbe1cebe6021fb36e2011f6aa1d64f5d87cee1cbee3fc2a0c7907,high,2026-10-02T15:30:34.250774+00:00,2026-10-02T15:30:34.250774+00:00,1,www.huntress.com:2026-10-02,Identified as a decoded payload used in the attack
sha256,b59a21a8d4c0c11a9ecbbdbe2a2938499c99c5ebb210c9c6db9683c7ad19f4c4,high,2026-10-02T15:30:34.250774+00:00,2026-10-02T15:30:34.250774+00:00,1,www.huntress.com:2026-10-02,Identified as an alloc/exec helper DLL used in the attack
sha256,b77575413c0f97eaf31e4a44c884c1ecdc0049ec89916ceb0bf3aaaedc0442fe,high,2026-10-02T15:30:34.250774+00:00,2026-10-02T15:30:34.250774+00:00,1,www.huntress.com:2026-10-02,Identified as a DLL used to decode and run the loader
sha256,c4603646701069ebdeabc96f74e1f947355ace8575560986d8393fcc6b88d0b7,high,2026-10-02T15:30:34.250774+00:00,2026-10-02T15:30:34.250774+00:00,1,www.huntress.com:2026-10-02,Identified as a ClickFix stager used in the attack
sha256,d3fda1e6cf886fd530bf62e2d16c39ad23ed12a2c933fc211f1f4876ceaa033e,high,2026-10-02T15:30:34.250774+00:00,2026-10-02T15:30:34.250774+00:00,1,www.huntress.com:2026-10-02,Identified as a NuGet package carrying the encrypted loader
sha256,d5acf44658f0dce90bd160f15d8e07a96938c81661d87dc7e9cb0107863bfb90,high,2026-10-02T15:30:34.250774+00:00,2026-10-02T15:30:34.250774+00:00,1,www.huntress.com:2026-10-02,Identified as an encrypted archive containing the persistence script and RAT
sha256,e614b7d5a7a363fb1b355a87e2e8d9e8a05bbbca08f2cee3d606bdb5015ac53b,high,2026-10-02T15:30:34.250774+00:00,2026-10-02T15:30:34.250774+00:00,1,www.huntress.com:2026-10-02,Identified as an encrypted archive holding the persistence script and RAT
sha256,eff5d63ddf1813962f0d8ad1250cea5486c8bb5dd27c3f432b43957a33e43764,high,2026-10-02T15:30:34.250774+00:00,2026-10-02T15:30:34.250774+00:00,1,www.huntress.com:2026-10-02,Identified as a malicious native DLL used in the attack
sha256,4000276a150a165d3c2537d1e19fb393c4de8333076a16655e28059cae82157b,high,2026-10-02T15:05:49+00:00,2026-10-02T15:05:49+00:00,1,Ccb.Belgium.Be:2026-10-02,Listed in a malware indicators section
sha256,703e97c64e61e41dc3aaba580d82bb2aa7b6a11b54ee6fb467ed5d5a3bffdef5,high,2026-10-02T15:05:49+00:00,2026-10-02T15:05:49+00:00,1,Ccb.Belgium.Be:2026-10-02,Listed in a malware indicators section
sha256,77324ac428bde86d351fc5fc06f6d64a6bfe737dfb2743df1d4c5ac2418a5b6a,high,2026-10-02T15:05:49+00:00,2026-10-02T15:05:49+00:00,1,Ccb.Belgium.Be:2026-10-02,Listed in a malware indicators section
sha256,7a6cea9f5c9e2e9994d4e3c4da73f86cf5acd05ea5d312c066c9d1dafd69ee38,high,2026-10-02T15:05:49+00:00,2026-10-02T15:05:49+00:00,1,Ccb.Belgium.Be:2026-10-02,Listed in a malware indicators section
sha256,8015f34dc84922b03688399d7f9fe7a00361789f7e420c7e2a2cdb23e75cef84,high,2026-10-02T15:05:49+00:00,2026-10-02T15:05:49+00:00,1,Ccb.Belgium.Be:2026-10-02,Listed in a malware indicators section
sha256,8953ec7960b09f544a880b072ad4e6cfda7a8303f486251d3478dcfdfbac23b6,high,2026-10-02T15:05:49+00:00,2026-10-02T15:05:49+00:00,1,Ccb.Belgium.Be:2026-10-02,Listed in a malware indicators section
sha256,04f7326c40c33fda51010d067915a1e50b63e00b4ab86db00158d5e067a78ff6,high,2026-10-02T11:35:26.437944+00:00,2026-10-02T11:35:26.437944+00:00,1,www.security.com:2026-10-02,Hash of a file downloaded and used by attackers
sha256,430cf700c7f1b625fded4da4084a0a6c0240b15d52e624a2361bc2512ca2355d,high,2026-10-02T11:35:26.437944+00:00,2026-10-02T11:35:26.437944+00:00,1,www.security.com:2026-10-02,Hash of a file used by attackers
sha256,fd03d881f0b3069f5adec6ae69181899e72fd27b3e75bb9075d0798ed3184274,high,2026-10-02T11:35:26.437944+00:00,2026-10-02T11:35:26.437944+00:00,1,www.security.com:2026-10-02,Listed as a SHA256 hash of a downloaded file used in an attack
sha256,5e68ca8c2097caccdb74d2752b85b85595a4bf646b442b8431a2416e87dbf268,high,2026-10-02T03:44:40.584000+00:00,2026-10-02T03:44:40.584000+00:00,1,Socket.Dev:2026-10-02,SHA-256 hash of a malicious file associated with the campaign
sha256,684c877a52d226d50584cb886ca8ec5bec6355d4de853f406734c79d5b387804,high,2026-10-02T03:44:40.584000+00:00,2026-10-02T03:44:40.584000+00:00,1,Socket.Dev:2026-10-02,SHA-256 hash of a malicious file associated with the campaign
sha256,a276b76d3b00f302bb4dfb3690125c85ff472b16049c3c37476ac5e51096df07,high,2026-10-02T03:44:40.584000+00:00,2026-10-02T03:44:40.584000+00:00,1,Socket.Dev:2026-10-02,SHA-256 hash of a malicious file associated with the campaign
sha256,da2d950e50326171adbff9c2bfd6f28998e32623ea7c2c475b9159a45cfb86bb,high,2026-10-02T03:44:40.584000+00:00,2026-10-02T03:44:40.584000+00:00,1,Socket.Dev:2026-10-02,SHA-256 hash of a malicious file associated with the campaign
md5,abfa7742e315485a98a5fafd6dbfb68e,high,2026-09-30T14:13:51+00:00,2026-10-01T19:31:07.432240+00:00,2,www.security.com:2026-10-01|Blog.Talosintelligence:2026-09-30,Antino-related sample observed on infected host
sha256,01b5c6acb20e41799a0e96d9d1d6e1c44791883706b6285e874fcb15cc93b31a,high,2026-10-01T19:31:07.432240+00:00,2026-10-01T19:31:07.432240+00:00,1,www.security.com:2026-10-01,HTA downloader related to malicious activity
sha256,09ef7c736bccfafefc44d9910d499173b88063b73b221fc0dc9e9105107e5cff,high,2026-09-30T14:13:51+00:00,2026-10-01T19:31:07.432240+00:00,2,www.security.com:2026-10-01|Blog.Talosintelligence:2026-09-30,Antino backdoor related to malicious activity
sha256,0c39264337a1186b2e765e24073399cbdcba118306614eb411e315887af578bd,high,2026-09-30T14:13:51+00:00,2026-10-01T19:31:07.432240+00:00,2,www.security.com:2026-10-01|Blog.Talosintelligence:2026-09-30,Antino sample connecting to Microsoft Graph API
sha256,153d077bcb58e00f5746573cba25f6b0788b809bf7b2a52fca0dc22d3bb5c94e,high,2026-10-01T19:31:07.432240+00:00,2026-10-01T19:31:07.432240+00:00,1,www.security.com:2026-10-01,Antino-related sample observed on infected host
sha256,297413a3e49e7353bf484a3eb15ec647de729211059df8fc68678d2378b6f561,high,2026-10-01T19:31:07.432240+00:00,2026-10-01T19:31:07.432240+00:00,1,www.security.com:2026-10-01,Antino-related sample observed on infected host
sha256,30f5122cc199b9c2e524503b343a9ee13a6f9773dcbc1df82c8b25ad20bca61d,high,2026-10-01T19:31:07.432240+00:00,2026-10-01T19:31:07.432240+00:00,1,www.security.com:2026-10-01,Antino-related sample observed on infected host
sha256,430f12970f8d58f12edccee9019a1aa90fa232c961449bdcc69c8d348a52cf55,high,2026-10-01T19:31:07.432240+00:00,2026-10-01T19:31:07.432240+00:00,1,www.security.com:2026-10-01,Antino-related sample observed on infected host
sha256,5ccdf53881f6c758af8d94fe67066af209b4bc0a3cb80b6a4c724fad86eb97ef,high,2026-10-01T19:31:07.432240+00:00,2026-10-01T19:31:07.432240+00:00,1,www.security.com:2026-10-01,Antino-related sample observed on infected host
sha256,5edb8d1023b8babf302871b68fa2b26d5ca57633f64951922998e8f1d6c8f7ac,high,2026-10-01T19:31:07.432240+00:00,2026-10-01T19:31:07.432240+00:00,1,www.security.com:2026-10-01,Antino-related sample observed on infected host
sha256,6d5fe6b6a34eeb470798b970b70f41a07ccf59b22f49ad9b3dfff7aa3256f3c2,high,2026-10-01T19:31:07.432240+00:00,2026-10-01T19:31:07.432240+00:00,1,www.security.com:2026-10-01,Antino-related sample observed on infected host
sha256,97c3a6be1711c5340d8806e4a54f7297f3f763d0aa4240b667f1e4e1f98f2aad,high,2026-10-01T19:31:07.432240+00:00,2026-10-01T19:31:07.432240+00:00,1,www.security.com:2026-10-01,Antino-related sample observed on infected host
sha256,ac3d453d3c9b0310ebb8a67cef35e2ac954d4acdf70cf497fe43a02c7a510813,high,2026-10-01T19:31:07.432240+00:00,2026-10-01T19:31:07.432240+00:00,1,www.security.com:2026-10-01,Antino-related sample observed on infected host
sha256,c11714f9fe2df1ca906585c81498cd77f5ec05b132aab73fa3a71d71d71e42cc,high,2026-10-01T19:31:07.432240+00:00,2026-10-01T19:31:07.432240+00:00,1,www.security.com:2026-10-01,Antino backdoor related to malicious activity
sha256,e782a6d4919f194d41e524ebd6df5894197043cf772fcf60455127b246f302c0,high,2026-10-01T19:31:07.432240+00:00,2026-10-01T19:31:07.432240+00:00,1,www.security.com:2026-10-01,Antino-related sample observed on infected host
sha256,e809da86bd81463347fa7f922d3e088755a94a331889d32acb55aa8f57778a34,high,2026-09-30T14:13:51+00:00,2026-10-01T19:31:07.432240+00:00,2,www.security.com:2026-10-01|Blog.Talosintelligence:2026-09-30,HTA lure document related to malicious activity
sha256,ea893abf20b00d9bfc042a88fbf7b4bd42e68ce07c116d3e3b002e5b4a853877,high,2026-10-01T19:31:07.432240+00:00,2026-10-01T19:31:07.432240+00:00,1,www.security.com:2026-10-01,Antino-related sample observed on infected host
sha256,ed96e7f1085a50251eb8967ac53777272a617831084f0edad8a769c583a18869,high,2026-10-01T19:31:07.432240+00:00,2026-10-01T19:31:07.432240+00:00,1,www.security.com:2026-10-01,Antino-related sample observed on infected host
md5,d3cea61538aa5030e90a1d38cca762b4,high,2026-10-01T17:06:20+00:00,2026-10-01T17:06:20+00:00,1,Cyfirma:2026-10-01,Listed as a malware sample hash in a detection rule
sha1,dd39fafbdba994169991cea092c6428e1d3b1539,high,2026-10-01T17:06:20+00:00,2026-10-01T17:06:20+00:00,1,Cyfirma:2026-10-01,Listed as a malware sample hash in a detection rule
sha256,594033ed58e27b42bb1bef7e5b21eac87f0d660c7cc3d48881a2e5575e3ac811,high,2026-10-01T17:06:20+00:00,2026-10-01T17:06:20+00:00,1,Cyfirma:2026-10-01,Listed as a malware sample hash in a detection rule
sha256,155fb1cbdaea12c83ba92d18c88cf38bbc42bb684f913ca0bc26fcf115426a55,high,2026-10-01T13:18:54+00:00,2026-10-01T13:18:54+00:00,1,Security:2026-10-01,Listed as a malicious file hash in a threat report
sha256,1edb2c0b537cd95bbd5fc16321b4c38a6adf325ccc7b588ad6acc980b0463b60,high,2026-10-01T13:18:54+00:00,2026-10-01T13:18:54+00:00,1,Security:2026-10-01,Listed as a malicious DLL in a threat report
sha256,27b7591cf9e1283010ca98fa5dbe970a73fee0d8cde277639924c144718db7c0,high,2026-10-01T13:18:54+00:00,2026-10-01T13:18:54+00:00,1,Security:2026-10-01,Listed as a malicious DLL in a threat report
sha256,37f94fe1b4a106f02b6f74a69cbc05e69c17406f688beef4c9a045ffcbd2e65e,high,2026-10-01T13:18:54+00:00,2026-10-01T13:18:54+00:00,1,Security:2026-10-01,Listed as a suspicious file in a threat report
sha256,6d07f1232dc59b84038fd0b2e75fdd3d5b825882bb0dba9e6724b7b0823fa3ad,high,2026-10-01T13:18:54+00:00,2026-10-01T13:18:54+00:00,1,Security:2026-10-01,Listed as a malicious file hash in a threat report
sha256,73c5268256c9da5488cd9e2b79013060ac321c7e54129344dc7b51e268af36ea,high,2026-10-01T13:18:54+00:00,2026-10-01T13:18:54+00:00,1,Security:2026-10-01,Listed as an AV/EDR killer file hash in a threat report
sha256,8b58f7811a2a2f2a5024220490473774f02759dd2dd904b5b9fabfbaae37125f,high,2026-10-01T13:18:54+00:00,2026-10-01T13:18:54+00:00,1,Security:2026-10-01,Listed as a malicious file hash in a threat report
sha256,8ce8d8270ee9de02644530b8dd7fa78973b4a3b80f121e2c5f45ae68cce196f9,high,2026-10-01T13:18:54+00:00,2026-10-01T13:18:54+00:00,1,Security:2026-10-01,Listed as a malicious file hash in a threat report
sha256,9ceb01f8bf7d6dba2ae07f5bd6070de3ec67b5eb01f969b0ba85e74564fb83a7,high,2026-10-01T13:18:54+00:00,2026-10-01T13:18:54+00:00,1,Security:2026-10-01,Listed as a suspicious file hash in a threat report
sha256,aaff04d84ef85353966aa4af186ff1254b72c068f33f802417b29dc23fb9f192,high,2026-10-01T13:18:54+00:00,2026-10-01T13:18:54+00:00,1,Security:2026-10-01,Listed as a suspicious file hash in a threat report
sha256,ae9f7fce57c7b928e659dccf0e00fa79cd9cd61a106f18d4e03f92dc3a03c295,high,2026-10-01T13:18:54+00:00,2026-10-01T13:18:54+00:00,1,Security:2026-10-01,Listed as a vulnerable driver file hash in a threat report
sha256,c46825fcc0d1bf7a8b192facb176d6bf916c9dccfd6fa994be691e3b0e585f4e,high,2026-10-01T13:18:54+00:00,2026-10-01T13:18:54+00:00,1,Security:2026-10-01,Listed as a malicious DLL in a threat report
sha256,e14240bac8277b0f6dd4d29ab5da20d246bcccae647e5fe8d19cdae7fe471b20,high,2026-10-01T13:18:54+00:00,2026-10-01T13:18:54+00:00,1,Security:2026-10-01,Listed as a malicious DLL in a threat report
sha256,e3204b05e2f3a29bb6e6fcc21dda77d7cd31dfa755c21da0aa8661b5619ee0a1,high,2026-10-01T13:18:54+00:00,2026-10-01T13:18:54+00:00,1,Security:2026-10-01,Listed as a suspicious file hash in a threat report
sha256,eea631b5f7125239db0811e4682c2316ead69f9822e02d94fb5d8bf0d2faebed,high,2026-10-01T13:18:54+00:00,2026-10-01T13:18:54+00:00,1,Security:2026-10-01,Listed as a suspicious file hash in a threat report
sha256,f7269f80f81e99d06a590d7ab374e12fdf7e5f55a02c2a46c342d670f8519fdf,high,2026-10-01T13:18:54+00:00,2026-10-01T13:18:54+00:00,1,Security:2026-10-01,Listed as a suspicious file hash in a threat report
sha256,fb3846c9ac53d1b841ada3a6b1091153fea41a169cb44fe0084097d1f4d45984,high,2026-10-01T13:18:54+00:00,2026-10-01T13:18:54+00:00,1,Security:2026-10-01,Listed as a malicious DLL in a threat report
sha256,2fa7498a3bda849c8c5a0e0869708ff113379d54197109a5cdfaea0155e878c9,high,2026-10-01T10:31:57+00:00,2026-10-01T10:31:57+00:00,1,X:2026-10-01,Listed as a file hash associated with a RAT
sha256,4008c8f9e52d3e6fd7df4a980a9a78f46f2412ba2fda10a38aa92d338767c54c,high,2026-10-01T10:31:57+00:00,2026-10-01T10:31:57+00:00,1,X:2026-10-01,Listed as a file hash associated with a malicious MSI
sha256,5d8df4c2d08cff5f1c0de8eab56e47ae543bd5c6d2ef04573f61ebb9fbc65716,high,2026-10-01T10:31:57+00:00,2026-10-01T10:31:57+00:00,1,X:2026-10-01,Listed as a file hash associated with a malicious executable
sha256,613b6569bd8a4cd75ab11ee9682dd690fabfb11d5c1103caf2ba086e006da034,high,2026-10-01T10:31:57+00:00,2026-10-01T10:31:57+00:00,1,X:2026-10-01,Listed as a file hash associated with a WebDAV URL
sha256,c27ca16248e04f6535ae3e6d1670d740b3884f0fa64935ddfd39faf712f4175d,high,2026-10-01T10:31:57+00:00,2026-10-01T10:31:57+00:00,1,X:2026-10-01,Listed as a file hash associated with a stager
sha256,f1060a81c9f68d6f3d23e28f2a1af50fa18ecb9b0a763ca5dcd4b294b6a3593c,high,2026-10-01T10:31:57+00:00,2026-10-01T10:31:57+00:00,1,X:2026-10-01,Listed as a file hash associated with a C2 register
sha256,fec4f301a1be36a42ec27208e13b5d1d3d0bbe0f1ab47bbab863a7ca9923c571,high,2026-10-01T10:31:57+00:00,2026-10-01T10:31:57+00:00,1,X:2026-10-01,Listed as a file hash associated with a weird .xz file
sha1,3972dd9c063f297dbaf386d1bcae235a2d0142dd,high,2026-10-01T09:00:24+00:00,2026-10-01T09:00:24+00:00,1,Maltego:2026-10-01,Listed as a torrent infohash linked to a ransomware group
md5,1e2c4cd35987ee217994149675784f9f,high,2026-09-30T23:12:27.245115+00:00,2026-09-30T23:12:27.245115+00:00,1,cofense.com:2026-09-30,Listed as a malicious file hash in a threat report
md5,20417846820741fa84c4571affb40e9c,high,2026-09-30T23:12:27.245115+00:00,2026-09-30T23:12:27.245115+00:00,1,cofense.com:2026-09-30,Listed as a malicious file hash in a threat report
md5,2abd445d3d60fd207b2c62bb0da3a42b,high,2026-09-30T23:12:27.245115+00:00,2026-09-30T23:12:27.245115+00:00,1,cofense.com:2026-09-30,Listed as a malicious file hash in a threat report
md5,5dee17e91f79be742881324bcdf139a5,high,2026-09-30T23:12:27.245115+00:00,2026-09-30T23:12:27.245115+00:00,1,cofense.com:2026-09-30,Listed as a malicious file hash in a threat report
md5,9db4b94589728b68d51bf83a90211cfe,high,2026-09-30T23:12:27.245115+00:00,2026-09-30T23:12:27.245115+00:00,1,cofense.com:2026-09-30,Listed as a malicious file hash in a threat report
sha256,00f70ae018e71f51060346aaa101209c24e34697bbfafec6b3612db8d8127cb2,high,2026-09-30T23:12:27.245115+00:00,2026-09-30T23:12:27.245115+00:00,1,cofense.com:2026-09-30,Listed as a malicious file hash in a malware analysis
sha256,64388cdbfe48dcff05eaa455892bcb3bfcaa3d43559eb7c65f6ac772810be61e,high,2026-09-30T23:12:27.245115+00:00,2026-09-30T23:12:27.245115+00:00,1,cofense.com:2026-09-30,Listed as a malicious file hash in a malware analysis
sha256,997cf28771fde81c6bfc067eed1f19d0ad3554342d63d9469d3adcdc1ca0ff31,high,2026-09-30T23:12:27.245115+00:00,2026-09-30T23:12:27.245115+00:00,1,cofense.com:2026-09-30,Listed as a malicious file hash in a malware analysis
sha256,9fb468a79f88d9a250180749bfae97d4f310c8510f1f98cae359d95c2a62b4af,high,2026-09-30T23:12:27.245115+00:00,2026-09-30T23:12:27.245115+00:00,1,cofense.com:2026-09-30,Listed as a malicious file hash in a malware analysis
sha256,d5004e079cb46db15a7d0b7ecebfa47bb8a1bc19e25749849a017b2a36705260,high,2026-09-30T23:12:27.245115+00:00,2026-09-30T23:12:27.245115+00:00,1,cofense.com:2026-09-30,Listed as a malicious file hash in a threat report
sha256,2e74f6bd9bf73131d3213399ed2f669ec5f75392de69edf8ce8196cd70eb6aee,high,2026-09-30T22:00:32.223382+00:00,2026-09-30T22:00:32.223382+00:00,1,cloud.google.com:2026-09-30,Listed as a malicious file hash in a malware analysis
sha256,3b49904b68aedb6031318438ad2ff7be4bf9fd865339330495b177d5c4be69d1,high,2026-09-30T22:00:32.223382+00:00,2026-09-30T22:00:32.223382+00:00,1,cloud.google.com:2026-09-30,Listed as a malicious file hash in a malware analysis
sha256,52eb2b3df1e5e2a07ba4562b79eeb67679ac6f7f90190e72d3e6adcf5186401d,high,2026-09-30T22:00:32.223382+00:00,2026-09-30T22:00:32.223382+00:00,1,cloud.google.com:2026-09-30,Listed as a malicious file hash in a malware analysis
sha256,87138f63974a8ccbbf5840c31165f1a4bf92a954bacccfbf1e7e5525d750aa48,high,2026-09-30T22:00:32.223382+00:00,2026-09-30T22:00:32.223382+00:00,1,cloud.google.com:2026-09-30,Listed as a malicious file hash in a malware analysis
sha256,b60100729de2f468caf686638ad513fe28ce61590d2b0d8db85af9edc5da98f9,high,2026-09-30T22:00:32.223382+00:00,2026-09-30T22:00:32.223382+00:00,1,cloud.google.com:2026-09-30,Listed as a malicious file hash in a malware analysis
sha256,bce2a7165ceead4e3601e311c72743e0059ec2cd734ce7acf5cc9f7d8795ba0f,high,2026-09-30T22:00:32.223382+00:00,2026-09-30T22:00:32.223382+00:00,1,cloud.google.com:2026-09-30,Listed as a malicious file hash in a malware analysis
sha256,c4d0fba5aaafa40aef6836ed1414ae3eadc390e1969fdcb3b73c60fe7fb37897,high,2026-09-30T22:00:32.223382+00:00,2026-09-30T22:00:32.223382+00:00,1,cloud.google.com:2026-09-30,Listed as a malicious file hash in a malware analysis
sha256,d7520e4f1c55ed1dcbdeba5c6e681e1d269d9b5a690636bf18bcdc5b294f3f8a,high,2026-09-30T22:00:32.223382+00:00,2026-09-30T22:00:32.223382+00:00,1,cloud.google.com:2026-09-30,Listed as a file retrieved by NOROBOT malware
sha256,e9c8f6a7dba6e84a7226af89e988ae5e4364e2ff2973c72e14277c0f1462109b,high,2026-09-30T22:00:32.223382+00:00,2026-09-30T22:00:32.223382+00:00,1,cloud.google.com:2026-09-30,Listed as a NOROBOT sample in a threat report
sha256,f2da013157c09aec9ceba1d4ac1472ed049833bc878a23bc82fe7eacbad399f4,high,2026-09-30T22:00:32.223382+00:00,2026-09-30T22:00:32.223382+00:00,1,cloud.google.com:2026-09-30,Listed as a NOROBOT sample in a threat report
sha1,53a643781c18e08f4a50949af60172d837a0b6f6,high,2026-09-30T16:03:36.697309+00:00,2026-09-30T16:03:36.697309+00:00,1,malpedia.caad.fkie.fraunhofer.de:2026-09-30,Listed as a hash in a YARA rule
sha256,05b025b8475c0acbc9a5d2cd13c15088a2fb452aa514d0636f145e1c4c93e6ee,high,2026-09-30T16:03:36.697309+00:00,2026-09-30T16:03:36.697309+00:00,1,malpedia.caad.fkie.fraunhofer.de:2026-09-30,Listed as a malicious file hash in a malware analysis
sha256,0c112f9dfe27211b357c74f358d9c144ea10cc0d92d6420b8742b72a65562c5a,high,2026-09-30T16:03:36.697309+00:00,2026-09-30T16:03:36.697309+00:00,1,malpedia.caad.fkie.fraunhofer.de:2026-09-30,Listed as a malicious file hash in a malware analysis
sha256,11ee5ad8a81ae85e5b7ddf93adf6edd20de8460c755bf0426dfcbc7f658d7e85,high,2026-09-30T16:03:36.697309+00:00,2026-09-30T16:03:36.697309+00:00,1,malpedia.caad.fkie.fraunhofer.de:2026-09-30,Listed as a malicious file hash in a malware analysis
sha256,45984ae78d18332ecb33fe3371e5eb556c0db86f1d3ba8a835b72cd61a7eeecf,high,2026-09-30T16:03:36.697309+00:00,2026-09-30T16:03:36.697309+00:00,1,malpedia.caad.fkie.fraunhofer.de:2026-09-30,Listed as a malicious file hash in a malware analysis
sha256,500462c4fb6e4d0545f04d63ef981d9611b578948e5cfd61d840ff8e2f206587,high,2026-09-30T16:03:36.697309+00:00,2026-09-30T16:03:36.697309+00:00,1,malpedia.caad.fkie.fraunhofer.de:2026-09-30,Listed as a malicious file hash in a malware analysis
sha256,56f1967f7177c166386d864807cdf03d5bbd3f118a285ce67ea226d02e5cf58c,high,2026-09-30T16:03:36.697309+00:00,2026-09-30T16:03:36.697309+00:00,1,malpedia.caad.fkie.fraunhofer.de:2026-09-30,Listed as a malicious file hash in a malware analysis
sha256,5ee9e74605b0c26b39b111a89139d95423e54f7a54decf60c7552f45b8b60407,high,2026-09-30T16:03:36.697309+00:00,2026-09-30T16:03:36.697309+00:00,1,malpedia.caad.fkie.fraunhofer.de:2026-09-30,Listed as a malicious file hash in a malware analysis
sha256,76efc8c64654d8f2318cc513c0aaf0da612423b1715e867b4622712ba0b3926f,high,2026-09-30T16:03:36.697309+00:00,2026-09-30T16:03:36.697309+00:00,1,malpedia.caad.fkie.fraunhofer.de:2026-09-30,Listed as a malicious file hash in a malware analysis
sha256,c3e2af892b813f3dcba4d0970489652d6f195b7985dc98f08eaddca7727786f0,high,2026-09-30T16:03:36.697309+00:00,2026-09-30T16:03:36.697309+00:00,1,malpedia.caad.fkie.fraunhofer.de:2026-09-30,Listed as a malicious file hash in a malware analysis
sha256,c4cbaa7e4521fa0ed9cc634c5e2bacbf41f46842ca4526b7904d98843a7e9db9,high,2026-09-30T16:03:36.697309+00:00,2026-09-30T16:03:36.697309+00:00,1,malpedia.caad.fkie.fraunhofer.de:2026-09-30,Listed as a malicious file hash in a malware analysis
sha256,d218b65493e4d9d85cbc2f7b608f4f7e501708014bc04af27d33d995aa54a703,high,2026-09-30T16:03:36.697309+00:00,2026-09-30T16:03:36.697309+00:00,1,malpedia.caad.fkie.fraunhofer.de:2026-09-30,Listed as a hash in a detection rule for Octowave Loader
sha256,d7816ba6ddda0c4e833d9bba85864de6b1bd289246fcedae84b8a6581db3f5b6,high,2026-09-30T16:03:36.697309+00:00,2026-09-30T16:03:36.697309+00:00,1,malpedia.caad.fkie.fraunhofer.de:2026-09-30,Listed as a hash in a detection rule for Octowave Loader
sha256,e93969a57ef2a7aee13a159cbf2015e2c8219d9153078e257b743d5cd90f05cb,high,2026-09-30T16:03:36.697309+00:00,2026-09-30T16:03:36.697309+00:00,1,malpedia.caad.fkie.fraunhofer.de:2026-09-30,Listed as a hash in a detection rule for Octowave Loader
sha256,f5cfb2e634539d5dc7ffe202ffdc422ef7457100401ba1fbc21dd05558719865,high,2026-09-30T16:03:36.697309+00:00,2026-09-30T16:03:36.697309+00:00,1,malpedia.caad.fkie.fraunhofer.de:2026-09-30,Listed as a hash in a detection rule for Octowave Loader
md5,dc1dba02ab1020e561166aee3ee8f5fb,high,2026-09-30T16:03:34.826567+00:00,2026-09-30T16:03:34.826567+00:00,1,arcticwolf.com:2026-09-30,Listed as a malicious file hash in a threat report
sha256,3fe6443d464f170f13d7f484f37ca4bcae120d1007d13ed491f15427d9a7121f,high,2026-09-30T16:03:34.826567+00:00,2026-09-30T16:03:34.826567+00:00,1,arcticwolf.com:2026-09-30,Listed as a malicious file hash in a malware analysis
sha256,ee9295fa36e29808ff36beb55be328b68d82f267d2faa54db26e0bf86b78fa56,high,2026-09-30T16:03:34.826567+00:00,2026-09-30T16:03:34.826567+00:00,1,arcticwolf.com:2026-09-30,Listed as a malicious DLL in a threat report
md5,8a4e280e1159833ede425a1306c2efe5,high,2026-09-30T16:00:49.756676+00:00,2026-09-30T16:00:49.756676+00:00,1,haveibeensquatted.com:2026-09-30,Listed as a tracking value in a threat report
md5,0173d1566dcd4fd49fa25f11f14bfe4c,high,2026-09-30T14:13:51+00:00,2026-09-30T14:13:51+00:00,1,Blog.Talosintelligence:2026-09-30,Listed as a hash of Antino backdoor
sha256,077bd873217d8abfbb6482d11966ca34f3fef7ad5166f24fbc5dc3ddefe894a1,high,2026-09-30T14:13:51+00:00,2026-09-30T14:13:51+00:00,1,Blog.Talosintelligence:2026-09-30,Listed as a hash of Antino-chain encrypted JScript orchestrator
sha256,079acd58a74479ac8b108b618d2a4da8a8bd560a04459cd90e2fec9da5027513,high,2026-09-30T14:13:51+00:00,2026-09-30T14:13:51+00:00,1,Blog.Talosintelligence:2026-09-30,Listed as a hash of Antino-chain encrypted BinaryFormatter resource
sha256,0a6fb71ab1362d065c7ec2678c1e73d9a0721b0e7099d392ba7559bb2eec4970,high,2026-09-30T14:13:51+00:00,2026-09-30T14:13:51+00:00,1,Blog.Talosintelligence:2026-09-30,Listed as a hash of Antino-chain Stage 2 JScript downloader
sha256,0b4e5e017c0f0ccac79e13ca5d580a75af67a24ca0763f9ebfdaaeb1ba4fc739,high,2026-09-30T14:13:51+00:00,2026-09-30T14:13:51+00:00,1,Blog.Talosintelligence:2026-09-30,Listed as a hash of malicious HTA stager
sha256,131ac3e0df777910e0a32e43d5744bccb0490750d4c2adc359da41d76d383c46,high,2026-09-30T14:13:51+00:00,2026-09-30T14:13:51+00:00,1,Blog.Talosintelligence:2026-09-30,Listed as a hash of Antino-chain TestAssembly.dll downloader
sha256,133a46ba41136ca21c93fb08c28446826d8c0d9b7923a16f2d152d595a710098,high,2026-09-30T14:13:51+00:00,2026-09-30T14:13:51+00:00,1,Blog.Talosintelligence:2026-09-30,Listed as a hash of Antino-chain TestAssembly.dll downloader
sha256,170b0eee60a335f32c1d0c19a0bb8d8bbc0a5b298ea9486b546f58d25cc8a464,high,2026-09-30T14:13:51+00:00,2026-09-30T14:13:51+00:00,1,Blog.Talosintelligence:2026-09-30,Listed as a hash of Antino-chain encrypted BinaryFormatter resource
sha256,17b53ffa8e005f0e82491d3f9c0a4984c44da52e1668a855c11a137f627c5b4b,high,2026-09-30T14:13:51+00:00,2026-09-30T14:13:51+00:00,1,Blog.Talosintelligence:2026-09-30,Listed as a hash of malicious HTA stager
sha256,1fadc90b61ce536abda78eb387a7f3d745f00c16775d3f762845ccc0fde567da,high,2026-09-30T14:13:51+00:00,2026-09-30T14:13:51+00:00,1,Blog.Talosintelligence:2026-09-30,Listed as a hash of Antino Gen 1 slc.dll backdoor
sha256,23d5f1af8581ae200615d9a66d539f2043c3248b649e862557b379d7e8b7a3ac,high,2026-09-30T14:13:51+00:00,2026-09-30T14:13:51+00:00,1,Blog.Talosintelligence:2026-09-30,Listed as a hash of malicious WSF stager
sha256,2f1513c822af0c6635dd3c69dc38f0b2f6e02012ea36415fff111a5d4d5fae05,high,2026-09-30T14:13:51+00:00,2026-09-30T14:13:51+00:00,1,Blog.Talosintelligence:2026-09-30,Listed as a hash of Antino-chain Stage 2 JScript downloader
sha256,334f39279ff3aae40fe74340c887ae018c75bc42790586bdf9070adb5889100c,high,2026-09-30T14:13:51+00:00,2026-09-30T14:13:51+00:00,1,Blog.Talosintelligence:2026-09-30,Listed as a hash of Antino-chain encrypted BinaryFormatter resource
sha256,3a4c9020eeb5ef22a1ff443e606ccb6705fe287c583121c713d2c9f9f1f2a2af,high,2026-09-30T14:13:51+00:00,2026-09-30T14:13:51+00:00,1,Blog.Talosintelligence:2026-09-30,Listed as a hash of Antino-chain encrypted JScript orchestrator
sha256,3a94910eb8022592ce030e6861359f7e980fc1b5a6ccd290cbb071d3e95ed02a,high,2026-09-30T14:13:51+00:00,2026-09-30T14:13:51+00:00,1,Blog.Talosintelligence:2026-09-30,Listed as a hash of malicious HTA stager
sha256,40e7e77aff603f4c2ef17b3bc8ea836e714d0734a1e5b946e52f95536ec5c91d,high,2026-09-30T14:13:51+00:00,2026-09-30T14:13:51+00:00,1,Blog.Talosintelligence:2026-09-30,Listed as a hash of configured Antino Gen 1 standalone backdoor
sha256,47f98dfe01759a464e22d5ec55d012dccb38ce010dd73e3ba8d7ffefca12b4b2,high,2026-09-30T14:13:51+00:00,2026-09-30T14:13:51+00:00,1,Blog.Talosintelligence:2026-09-30,Listed as a hash of Antino-chain Stage 2 JScript downloader
sha256,484ab497072ea09f12187b349f5b1c80754e4942408a009cccb20a2a3c8c6506,high,2026-09-30T14:13:51+00:00,2026-09-30T14:13:51+00:00,1,Blog.Talosintelligence:2026-09-30,Listed as a hash of malicious WSF stager
sha256,4b614e5c37abaddca162119e42a969945caa681305e246e0ed0060ea9984008b,high,2026-09-30T14:13:51+00:00,2026-09-30T14:13:51+00:00,1,Blog.Talosintelligence:2026-09-30,Listed as a hash of Antino-chain encrypted JScript orchestrator
sha256,4d0fdce4c098635fe9b296c3a82c74645f9885eb5e383aa44a0fe7e50da3ca3f,high,2026-09-30T14:13:51+00:00,2026-09-30T14:13:51+00:00,1,Blog.Talosintelligence:2026-09-30,Listed as a hash of malicious HTA stager
sha256,5168a2696a0ed858f996f388bfe94f952d475158f4ee6206816608936db005ca,high,2026-09-30T14:13:51+00:00,2026-09-30T14:13:51+00:00,1,Blog.Talosintelligence:2026-09-30,Listed as a hash of Antino-chain encrypted BinaryFormatter resource
sha256,5555e904101689351a2a1359c9c06da0a57139a9470df7d26823c1b75db55041,high,2026-09-30T14:13:51+00:00,2026-09-30T14:13:51+00:00,1,Blog.Talosintelligence:2026-09-30,Listed as a hash of Antino-chain encrypted BinaryFormatter resource
sha256,5a35fcd4458e808ab0fa52bb2a92923b60566ee4d7aaadaac7c95cad3d839562,high,2026-09-30T14:13:51+00:00,2026-09-30T14:13:51+00:00,1,Blog.Talosintelligence:2026-09-30,Listed as a hash of malicious HTA stager
sha256,5c5c060b272cd4a5c3767edc0e9478bd35b7e1756e183d0446a5491bd65519cb,high,2026-09-30T14:13:51+00:00,2026-09-30T14:13:51+00:00,1,Blog.Talosintelligence:2026-09-30,Listed as a hash of configured Antino standalone backdoor
sha256,61a8f5add6c35f99c389012dbb2343061fd0b54611b40490b9a7f0b49d707da0,high,2026-09-30T14:13:51+00:00,2026-09-30T14:13:51+00:00,1,Blog.Talosintelligence:2026-09-30,Listed as a hash of Antino-chain Stage 2 JScript downloader
sha256,65f4b9292e91abfa5adf42a03526932930c1c0a436bb186a7948fe6770295788,high,2026-09-30T14:13:51+00:00,2026-09-30T14:13:51+00:00,1,Blog.Talosintelligence:2026-09-30,Listed as a hash of malicious WSF stager
sha256,6a1dbbfcfe6867ac83d35012b2717084388b4a34707efd0b725466dfd0e8fa56,high,2026-09-30T14:13:51+00:00,2026-09-30T14:13:51+00:00,1,Blog.Talosintelligence:2026-09-30,Listed as a hash of malicious WSF stager
sha256,747b1d13bdf06956b5da5f47250fefd5284ebcf7961971732c3d348aa1a2d533,high,2026-09-30T14:13:51+00:00,2026-09-30T14:13:51+00:00,1,Blog.Talosintelligence:2026-09-30,Listed as a hash of Antino-chain Stage 2 JScript downloader
sha256,75c12795016ae48b1bddd34a9f5adea63a12f58701eae01e1b4ab3d9dfa1513c,high,2026-09-30T14:13:51+00:00,2026-09-30T14:13:51+00:00,1,Blog.Talosintelligence:2026-09-30,Listed as a hash of malicious HTA stager
sha256,7969ae5f11fc163049c8eadba06f814f5edece13a707e6087c1c49011a45b838,high,2026-09-30T14:13:51+00:00,2026-09-30T14:13:51+00:00,1,Blog.Talosintelligence:2026-09-30,Listed as a hash of malicious HTA stager
sha256,7c2ac9c040b3300bffa7d2e435dbb1bc12e7efd644d2216d603c72121266395c,high,2026-09-30T14:13:51+00:00,2026-09-30T14:13:51+00:00,1,Blog.Talosintelligence:2026-09-30,Listed as a hash of Antino-chain encrypted JScript orchestrator
sha256,7fa98efba59614cec0b7291aedee98764f8dc037b6cc798c93951a31208e9e32,high,2026-09-30T14:13:51+00:00,2026-09-30T14:13:51+00:00,1,Blog.Talosintelligence:2026-09-30,Listed as a hash of malicious HTA stager
sha256,8e1d68906d6de92f359945d3a95da1480e72773a3e8dea7682d6bf0f6699f75f,high,2026-09-30T14:13:51+00:00,2026-09-30T14:13:51+00:00,1,Blog.Talosintelligence:2026-09-30,Listed as a hash of Antino-chain encrypted JScript orchestrator
sha256,971cb2448b5d67dcc1f5eaa10d12e77f213035ad31230dc2ac7a510610a2059d,high,2026-09-30T14:13:51+00:00,2026-09-30T14:13:51+00:00,1,Blog.Talosintelligence:2026-09-30,Listed as a hash of Antino Gen 2 standalone fake-installer backdoor
sha256,9fc50cf28f86201fda8306926817b1ede41fdd993202515905dd072f6803542f,high,2026-09-30T14:13:51+00:00,2026-09-30T14:13:51+00:00,1,Blog.Talosintelligence:2026-09-30,Listed as a hash of Antino-chain TestAssembly.dll downloader
sha256,a0e91085f08956a9a7034ace73cee60cb211f5d96f02bc91a026601bde8f2221,high,2026-09-30T14:13:51+00:00,2026-09-30T14:13:51+00:00,1,Blog.Talosintelligence:2026-09-30,Listed as a hash of Antino-chain Stage 2 JScript downloader
sha256,a13182699a12a8dd9d07c336dbd8de5e9b086b9b09793b7de2e9761aa03ce1dc,high,2026-09-30T14:13:51+00:00,2026-09-30T14:13:51+00:00,1,Blog.Talosintelligence:2026-09-30,Listed as a hash of Antino-chain Stage 2 JScript downloader
sha256,ad0bd2b45e2416fb1384bf30af068d857e7c06b4226615d66b55b610a34c5670,high,2026-09-30T14:13:51+00:00,2026-09-30T14:13:51+00:00,1,Blog.Talosintelligence:2026-09-30,Listed as a hash of Antino-chain encrypted BinaryFormatter resource
sha256,ae1b45fb56b9f1b9cb3ee30d2bb1279c9b90b70bb62f8de305d198c6a4e0585e,high,2026-09-30T14:13:51+00:00,2026-09-30T14:13:51+00:00,1,Blog.Talosintelligence:2026-09-30,Listed as a hash of malicious WSF stager
sha256,aea5e9029f9212d05bde10f7806d1f2819be45d167e6fd877b9fb1b11088ac90,high,2026-09-30T14:13:51+00:00,2026-09-30T14:13:51+00:00,1,Blog.Talosintelligence:2026-09-30,Listed as a hash of malicious WSF stager
sha256,b31ca75f73a9363b0e35042a41216c3f581eaa0b9cd78cb58f089c2e40babd40,high,2026-09-30T14:13:51+00:00,2026-09-30T14:13:51+00:00,1,Blog.Talosintelligence:2026-09-30,Listed as a hash of Antino-chain encrypted BinaryFormatter resource
sha256,b3416726a064dd7f657bbb400adeb365eea7f8bb60783ad2d9da1a1d93768731,high,2026-09-30T14:13:51+00:00,2026-09-30T14:13:51+00:00,1,Blog.Talosintelligence:2026-09-30,Listed as a hash of Antino-chain Stage 2 JScript downloader
sha256,b75492466462141c56d97b705f0c606faf272577631dc2822aa8d6bda53633b6,high,2026-09-30T14:13:51+00:00,2026-09-30T14:13:51+00:00,1,Blog.Talosintelligence:2026-09-30,Listed as a hash of malicious HTA stager
sha256,b8e6e83a73e6e07f8873c364dd2a4b830bceb60758163e2efcd7e387cb604655,high,2026-09-30T14:13:51+00:00,2026-09-30T14:13:51+00:00,1,Blog.Talosintelligence:2026-09-30,Listed as a hash of malicious WSF stager
sha256,bd8ddc8f33e0fe43147ee6f1713654996420a27c5d2cd91751ad67124ebc6fe4,high,2026-09-30T14:13:51+00:00,2026-09-30T14:13:51+00:00,1,Blog.Talosintelligence:2026-09-30,Listed as a hash of malicious WSF stager
sha256,c8e1239d7276178b6620f47ec4880494be1cb394477b223fc54bffb0947bff50,high,2026-09-30T14:13:51+00:00,2026-09-30T14:13:51+00:00,1,Blog.Talosintelligence:2026-09-30,Listed as a hash of Antino-chain encrypted BinaryFormatter resource
sha256,ca14ad0344dc7216f6da29a5cbe4237d886cc5257e8c3a48fb4885a311c9b800,high,2026-09-30T14:13:51+00:00,2026-09-30T14:13:51+00:00,1,Blog.Talosintelligence:2026-09-30,Listed as a hash of post-unpack Antino standalone backdoor memory image
sha256,cd3509fa82e506cc6f2eeafa0a45d4b8b76a07edadd29779daf00568febcaba7,high,2026-09-30T14:13:51+00:00,2026-09-30T14:13:51+00:00,1,Blog.Talosintelligence:2026-09-30,Listed as a hash of malicious HTA stager
sha256,d4cb2f5df16ec9b9c5b796ae55848534e15d4f8b8806f0431108fc7a99a2548a,high,2026-09-30T14:13:51+00:00,2026-09-30T14:13:51+00:00,1,Blog.Talosintelligence:2026-09-30,Listed as a hash of Antino-chain TestAssembly.dll downloader
sha256,d753a615aedf8e58ffc75b2b7ebd320c0cbe6bcb5cbb885db749a2a85c55d3bf,high,2026-09-30T14:13:51+00:00,2026-09-30T14:13:51+00:00,1,Blog.Talosintelligence:2026-09-30,Listed as a hash of Antino-chain TestAssembly.dll downloader
sha256,d87201c1299a7f5854929645e6891c6c424d2a690031272bedacba7c5fe73a3e,high,2026-09-30T14:13:51+00:00,2026-09-30T14:13:51+00:00,1,Blog.Talosintelligence:2026-09-30,Listed as a hash of Antino-chain encrypted BinaryFormatter resource
sha256,e2f59d8d5a81583ed482b6c7bf37699efdb2264e452cf7d8cfc0c54dfbd9ab3f,high,2026-09-30T14:13:51+00:00,2026-09-30T14:13:51+00:00,1,Blog.Talosintelligence:2026-09-30,Listed as a hash of Antino-chain encrypted BinaryFormatter resource
sha256,f0c1dc6d6daa4d010932c7818ed5f22929c182f58e5f495fabe2fb3cfc835b97,high,2026-09-30T14:13:51+00:00,2026-09-30T14:13:51+00:00,1,Blog.Talosintelligence:2026-09-30,Listed as a hash of Antino-chain encrypted JScript orchestrator
sha256,fdbd047031c13a17c9f491c9355f44d587584ebe2b8927be8482e6c236c8e1c1,high,2026-09-30T14:13:51+00:00,2026-09-30T14:13:51+00:00,1,Blog.Talosintelligence:2026-09-30,Listed as a hash of Antino Gen 2 slc.dll backdoor
sha256,0d8f7bf30aa1ac95d59fed24c433dd2b3d57767f38c088721699c841c6e861d3,high,2026-09-30T13:05:05+00:00,2026-09-30T13:05:05+00:00,1,Huntress:2026-09-30,Listed as a malicious file hash in a malware analysis
sha256,0d93c3a8ded46887f79ac4ca7f238c458de2231243176f6c05062e34f238d19a,high,2026-09-30T13:05:05+00:00,2026-09-30T13:05:05+00:00,1,Huntress:2026-09-30,Listed as a malicious file hash in a malware analysis
sha256,5f69ff7a2e024f94cc5f816fa16c90054b09d9ac430b1f8b0631dfdd4472905e,high,2026-09-30T13:05:05+00:00,2026-09-30T13:05:05+00:00,1,Huntress:2026-09-30,Listed as a malicious file hash in a malware analysis
sha256,7bb594a77f726bf21a49f717024f2915f82f47eb623d2ad305259301de1f1ab4,high,2026-09-30T13:05:05+00:00,2026-09-30T13:05:05+00:00,1,Huntress:2026-09-30,Listed as a malicious file hash in a malware analysis
sha256,b06b581d91f4108900d188c3ee1af18502a8cb65d4e101663b791bd670867485,high,2026-09-30T13:05:05+00:00,2026-09-30T13:05:05+00:00,1,Huntress:2026-09-30,Listed as a malicious file hash in a malware analysis
sha256,e9dee286069afb6b411febb96b91a963cd16baffbf8b6aa951e0ef1a7e0e3879,high,2026-09-30T13:05:05+00:00,2026-09-30T13:05:05+00:00,1,Huntress:2026-09-30,Listed as a PowerShell script file in a threat report
md5,0ab67d9a5b8141ef06246eb8af2a55f5,high,2026-09-30T10:41:36+00:00,2026-09-30T10:41:36+00:00,1,Bloglab.360:2026-09-30,Listed as a malicious file hash in a threat report
md5,56e1ff3671e6755f234f4c4847090f7f,high,2026-09-30T10:41:36+00:00,2026-09-30T10:41:36+00:00,1,Bloglab.360:2026-09-30,Listed as a malicious file hash in a threat report
md5,75cfecbb3316ad279ac4e7fd6dadaa76,high,2026-09-30T10:41:36+00:00,2026-09-30T10:41:36+00:00,1,Bloglab.360:2026-09-30,Listed as a malicious file hash in a threat report
md5,a9b602b3aa1ecfdff14a609096451f19,high,2026-09-30T10:41:36+00:00,2026-09-30T10:41:36+00:00,1,Bloglab.360:2026-09-30,Listed as a malicious file hash in a threat report
md5,ab21d2b6129276da2e3884d6a86f7630,high,2026-09-30T10:41:36+00:00,2026-09-30T10:41:36+00:00,1,Bloglab.360:2026-09-30,Listed as a malicious file hash in a threat report
md5,b7f170acf3c3674e3b8999c38a09f839,high,2026-09-30T10:41:36+00:00,2026-09-30T10:41:36+00:00,1,Bloglab.360:2026-09-30,Listed as a malicious file hash in a threat report
md5,d2797234fa48dd5434e73fa5fef5d1fe,high,2026-09-30T10:41:36+00:00,2026-09-30T10:41:36+00:00,1,Bloglab.360:2026-09-30,Listed as a malicious file hash in a threat report
md5,d59ce7cfe339c1159d699dd88007103b,high,2026-09-30T10:41:36+00:00,2026-09-30T10:41:36+00:00,1,Bloglab.360:2026-09-30,Listed as a malicious file hash in a threat report
md5,d7705e14d5ed13c8e628d051ff13fc7c,high,2026-09-30T10:41:36+00:00,2026-09-30T10:41:36+00:00,1,Bloglab.360:2026-09-30,Listed as a malicious file hash in a threat report
md5,d98104cc0822d188df1e9ca072369b45,high,2026-09-30T10:41:36+00:00,2026-09-30T10:41:36+00:00,1,Bloglab.360:2026-09-30,Listed as a malicious file hash in a threat report
sha1,0b354d5c9070b4b054554bd176ebccc98d358ab4,high,2026-09-30T10:41:36+00:00,2026-09-30T10:41:36+00:00,1,Bloglab.360:2026-09-30,Listed as a malicious file hash in a threat report
sha1,1de1cb57d11bfdae49e04d78b17e8a3579af5f29,high,2026-09-30T10:41:36+00:00,2026-09-30T10:41:36+00:00,1,Bloglab.360:2026-09-30,Listed as a malicious file hash in a threat report
sha1,5b6b31f57a5eb4109effccb3d55c32c12bf31a23,high,2026-09-30T10:41:36+00:00,2026-09-30T10:41:36+00:00,1,Bloglab.360:2026-09-30,Listed as a malicious file hash in a threat report
sha1,976a305cbb36810311af6f54dd313a7a3979a178,high,2026-09-30T10:41:36+00:00,2026-09-30T10:41:36+00:00,1,Bloglab.360:2026-09-30,Listed as a malicious file hash in a threat report
sha1,bf9779193f1593d73bf9d2e89bc4a5f054c21918,high,2026-09-30T10:41:36+00:00,2026-09-30T10:41:36+00:00,1,Bloglab.360:2026-09-30,Listed as a malicious file hash in a threat report
sha256,29b6b2c34c162766ffee91d9ed69e0425ac905c1d3083e1ba5216a43f0a068ec,high,2026-09-30T10:41:36+00:00,2026-09-30T10:41:36+00:00,1,Bloglab.360:2026-09-30,Listed as a malicious file hash in a malware analysis
sha256,542e717bccd20782b2d33641ba41777bebc59916baac5f0587bdbb13640257d0,high,2026-09-30T10:41:36+00:00,2026-09-30T10:41:36+00:00,1,Bloglab.360:2026-09-30,Listed as a malicious file hash in a malware analysis
sha256,5d623da3f87ddfd80e485ff2c0af68cc66e63b454024101d5287e0af610fa0dd,high,2026-09-30T10:41:36+00:00,2026-09-30T10:41:36+00:00,1,Bloglab.360:2026-09-30,Listed as a malicious file hash in a malware analysis
sha256,a8e9be14f25f61b1eea9ca9b4ed56df0420ada7fde57f6ea0f1bdad5c0362e94,high,2026-09-30T10:41:36+00:00,2026-09-30T10:41:36+00:00,1,Bloglab.360:2026-09-30,Listed as a malicious file hash in a malware analysis
sha256,f4089636155d036a336ea97e338ae1cc01928981c64d1c7eb3127f141b08e736,high,2026-09-30T10:41:36+00:00,2026-09-30T10:41:36+00:00,1,Bloglab.360:2026-09-30,Listed as a malicious file hash in a threat report
md5,33ff3edaf55a8e03dcbc7cb40d498a49,high,2026-09-30T00:00:00+00:00,2026-09-30T00:00:00+00:00,1,Safedep:2026-09-30,Listed as a wallet address in a threat report
md5,44d8e68c7c4e04ed3adacb5a88450552,high,2026-09-29T08:30:23.868397+00:00,2026-09-29T08:30:23.868397+00:00,1,www.cisa.gov:2026-09-29,Hash used in a YARA rule for detecting malicious activity
md5,a85299f78ab5dd05e7f0f11ecea165ea,high,2026-09-29T08:30:23.868397+00:00,2026-09-29T08:30:23.868397+00:00,1,www.cisa.gov:2026-09-29,Hash used in a YARA rule for detecting malicious activity
md5,d33f351a4aeea5e608853d1a56661059,high,2026-09-29T06:35:50.338254+00:00,2026-09-29T06:35:50.338254+00:00,1,www.cloudsek.com:2026-09-29,Listed as a hash associated with malware sample
sha256,2c9dbc14809f1e1aebda114194368b002acf74c8760b88fc101f625d179793c2,high,2026-09-29T00:00:00+00:00,2026-09-29T00:00:00+00:00,1,Safedep:2026-09-29,Hash of a malicious Go binary linked to CHAOS RAT.
md5,116346cace7f00ba557034b534d40791,high,2026-09-28T17:38:33+00:00,2026-09-28T17:38:33+00:00,1,Thehackernews:2026-09-28,Listed as a malware sample in a threat report.
md5,8fdc21e25097a46528211274e54330e1,high,2026-09-28T17:38:33+00:00,2026-09-28T17:38:33+00:00,1,Thehackernews:2026-09-28,Listed as a malware sample in a threat report.
md5,f83357b2d47c7d38ee53943373961211,high,2026-09-28T17:38:33+00:00,2026-09-28T17:38:33+00:00,1,Thehackernews:2026-09-28,Listed as a malware sample in a threat report.
sha256,a02f124c5ce4180bd130a62ee03262f399c33491de3aed36e0b15155ae4926c0,high,2026-09-28T08:08:37.122169+00:00,2026-09-28T08:08:37.122169+00:00,1,www.proofpoint.com:2026-09-28,Listed as a hash in the context of malware delivery.
sha256,f1711b816466428b20ece9ebaa81ca377fd758771a33c959f46be582b1f4404d,high,2026-09-28T05:19:24+00:00,2026-09-28T05:19:24+00:00,1,Cyfirma:2026-09-28,Listed as a malware sample hash in a detection rule
sha1,3fb29cf1ef3ce6b187e724c8e7dc4b6a5dfefa50,high,2026-09-27T18:41:41.531570+00:00,2026-09-27T18:41:41.531570+00:00,1,www.reversinglabs.com:2026-09-27,Listed as part of IOCs in a malicious software supply chain campaign
sha1,7108c1079ac0de030902b049770e8cb822e82055,high,2026-09-27T18:41:41.531570+00:00,2026-09-27T18:41:41.531570+00:00,1,www.reversinglabs.com:2026-09-27,Listed as part of IOCs in a malicious software supply chain campaign
sha1,ea40177789e7a1b972c27c61dffff195dd85c544,high,2026-09-27T18:41:41.531570+00:00,2026-09-27T18:41:41.531570+00:00,1,www.reversinglabs.com:2026-09-27,Listed as part of IOCs in a malicious software supply chain campaign
sha256,a151a8fc193a96aac480fa749547b57c0f33116cf2cb8c82b6aa716c3c47f4b1,high,2026-09-27T12:02:25.396337+00:00,2026-09-27T12:02:25.396337+00:00,1,blog.previdian.com:2026-09-27,Hash of a webshell backdoor used in exploitation.
sha256,d3faa4b443d98f272363f3484a5e6a9bab90979086aa2d31a1694c1dc8178742,high,2026-09-27T12:02:25.396337+00:00,2026-09-27T12:02:25.396337+00:00,1,blog.previdian.com:2026-09-27,Hash of a webshell backdoor used in exploitation.
sha256,2bee941fb40519d0d1ec52bd79a8f63fc65aac6455c8f2d6b668e3360dfdb5d7,high,2026-09-26T12:01:02.128049+00:00,2026-09-26T12:01:02.128049+00:00,1,cloud.google.com:2026-09-26,Listed as execution stager servlet hash
sha256,3ba215692665513abfffd4e815c5c45f2d41e5dcc4283a2a3b740930c5c417c3,high,2026-09-26T12:01:02.128049+00:00,2026-09-26T12:01:02.128049+00:00,1,cloud.google.com:2026-09-26,Listed as Trojanized installer delivering SIDEEYE backdoor
sha256,48b4a0827da7bbfce9fb52464f8a659dea7a035189c52c506c0bfb4b1c3fe494,high,2026-09-26T12:01:02.128049+00:00,2026-09-26T12:01:02.128049+00:00,1,cloud.google.com:2026-09-26,Listed as primary execution web shell hash
sha256,c1b0998347b489582bae7b7f4930f9831d9ef4b6bc150cfd488ee1a43272dd36,high,2026-09-25T17:31:00.553031+00:00,2026-09-25T17:31:00.553031+00:00,1,www.stepsecurity.io:2026-09-25,Identified as a malicious payload hash in a threat report
sha256,381ac6dc1715d9298fe81b2a53a11f7b7d78e361ee3a6619ad54f8c4b062cc18,high,2026-09-25T17:31:00.178828+00:00,2026-09-25T17:31:00.178828+00:00,1,www.aikido.dev:2026-09-25,Listed in a structured IOC list as a malware sample
sha256,56cd3416d2ec2aa7e7cec2a06010cf0b58eb09c0a5486809df52afeaca8f14be,high,2026-09-25T17:31:00.178828+00:00,2026-09-25T17:31:00.178828+00:00,1,www.aikido.dev:2026-09-25,Listed in a structured IOC list as a malware sample
sha256,65faf8ccbcf5b34eb4f72c71bf82815fa9c1e2f947b9c898491540e866132c31,high,2026-09-25T17:31:00.178828+00:00,2026-09-25T17:31:00.178828+00:00,1,www.aikido.dev:2026-09-25,Listed in a structured IOC list as a malware sample
sha256,d6b3e77c36ee8017c9bf30d1da7218ec0ea843768d313eb8e35845c8a9b38a26,high,2026-09-25T17:31:00.178828+00:00,2026-09-25T17:31:00.178828+00:00,1,www.aikido.dev:2026-09-25,Listed in a structured IOC list as a malware sample
sha256,e077c387b223811064b7bbc5a55a0182fca9bf50894f949ff284d4be87d44b26,high,2026-09-25T17:31:00.178828+00:00,2026-09-25T17:31:00.178828+00:00,1,www.aikido.dev:2026-09-25,Listed in a structured IOC list as a malware sample
sha256,f8ccdd1da7dff1aef16377a2842bc7acf7c516e32122dd6e42dc4a4e57653fce,high,2026-09-25T17:31:00.178828+00:00,2026-09-25T17:31:00.178828+00:00,1,www.aikido.dev:2026-09-25,Listed in a structured IOC list as a malware sample
sha256,19868c3be64ba714fea745b8b82e6417418bea362ae477cfa3dfb4529ca4ca70,high,2026-09-25T17:01:09.476237+00:00,2026-09-25T17:01:09.476237+00:00,1,mondoo.com:2026-09-25,Identified as a malicious package hash in a threat report
sha256,c10c75766303f8c3bf261487e341e537f103116026309006ab71d977aacdd235,high,2026-09-25T17:01:09.476237+00:00,2026-09-25T17:01:09.476237+00:00,1,mondoo.com:2026-09-25,Identified as a malicious package hash in a threat report
sha256,17506c2246551d401c43726bdaec800f8d41595d01311cf38a19140ad32da2f4,high,2026-09-25T16:02:37.616864+00:00,2026-09-25T16:02:37.616864+00:00,1,www.microsoft.com:2026-09-25,Listed in a structured IOC list as a malware sample
sha256,389a497f27e1dd7484325e8e02bbdf656d53d5cf2601514e9b8d8974befddf61,high,2026-09-25T16:02:37.616864+00:00,2026-09-25T16:02:37.616864+00:00,1,www.microsoft.com:2026-09-25,Listed in a structured IOC list as a malware sample
sha256,3e9fc13fab3f8d8120bd01604ee50ff65a40121955a4150a6d2c007d34807642,high,2026-09-25T16:02:37.616864+00:00,2026-09-25T16:02:37.616864+00:00,1,www.microsoft.com:2026-09-25,Listed in a structured IOC list as a malware sample
sha256,450437d49a7e5530c6fb04df2e56c3ab1553ada3712fab02bd1eeb1f1adbc267,high,2026-09-25T16:02:37.616864+00:00,2026-09-25T16:02:37.616864+00:00,1,www.microsoft.com:2026-09-25,Listed in a structured IOC list as a malware sample
sha256,472ccfb865c81704562ea95870f60c08ef00bcd2ca1d7f09352398c05be5d05d,high,2026-09-25T16:02:37.616864+00:00,2026-09-25T16:02:37.616864+00:00,1,www.microsoft.com:2026-09-25,Listed in a structured IOC list as a malware sample
sha256,4b0c4170601d6e922cf23b1caf096bba2fade3dfcf92f0ab895a5f0b9a310349,high,2026-09-25T16:02:37.616864+00:00,2026-09-25T16:02:37.616864+00:00,1,www.microsoft.com:2026-09-25,Listed in a structured IOC list as a malware sample
sha256,6036390a2c81301a23c9452288e39cb34e577483d121711b6ba6230b29a3c9ff,high,2026-09-25T16:02:37.616864+00:00,2026-09-25T16:02:37.616864+00:00,1,www.microsoft.com:2026-09-25,Listed in a structured IOC list as a malware sample
sha256,7939f67375e6b14dfa45ec70356e91823d12f28bbd84278992b99e0d2c12ace5,high,2026-09-25T16:02:37.616864+00:00,2026-09-25T16:02:37.616864+00:00,1,www.microsoft.com:2026-09-25,Listed in a structured IOC list as a malware sample
sha256,8fa3e8fdbaa6ab5a9c44720de4514f19182adc0c9c6001c19cf159b79c0ae9c2,high,2026-09-25T16:02:37.616864+00:00,2026-09-25T16:02:37.616864+00:00,1,www.microsoft.com:2026-09-25,Listed in a structured IOC list as a malware sample
sha256,93ce3b6d2a18829c0212542751b309dacbdc8c1d950611efe2319aa715f3a066,high,2026-09-25T16:02:37.616864+00:00,2026-09-25T16:02:37.616864+00:00,1,www.microsoft.com:2026-09-25,Listed in a structured IOC list as a malware sample
sha256,9dd101caee49c692e5df193b236f8d52a07a2030eed9bd858ed3aaccb406401a,high,2026-09-25T16:02:37.616864+00:00,2026-09-25T16:02:37.616864+00:00,1,www.microsoft.com:2026-09-25,Listed in a structured IOC list as a malware sample
sha256,b4f7c5e3f14fb57be8b5f020377b993618b6e3532a4e1eb1eae9976d4130cc74,high,2026-09-25T16:02:37.616864+00:00,2026-09-25T16:02:37.616864+00:00,1,www.microsoft.com:2026-09-25,Listed in a structured IOC list as a malware sample
sha256,baeffeb5fdef2f42a752c65c2d2a52e84fb57efc906d981f89dd518c314e231c,high,2026-09-25T16:02:37.616864+00:00,2026-09-25T16:02:37.616864+00:00,1,www.microsoft.com:2026-09-25,Listed in a structured IOC list as a malware sample
sha256,c0fc29a52ec3202f71f6378d9f7f9a8a3a10eb19acb8765152d758aded98c76d,high,2026-09-25T16:02:37.616864+00:00,2026-09-25T16:02:37.616864+00:00,1,www.microsoft.com:2026-09-25,Listed in a structured IOC list as a malware sample
sha256,c4b185dbca490a7f93bc96eefb9a597684fdf532d5a04aa4d9b4d4b1552c283b,high,2026-09-25T16:02:37.616864+00:00,2026-09-25T16:02:37.616864+00:00,1,www.microsoft.com:2026-09-25,Listed in a structured IOC list as a malware sample
sha256,cd69e8a25a07318b153e01bba74a1ae60f8fc28eb3d56078f448461400baa984,high,2026-09-25T16:02:37.616864+00:00,2026-09-25T16:02:37.616864+00:00,1,www.microsoft.com:2026-09-25,Listed in a structured IOC list as a malware sample
sha256,d17317e1d5716b09cee904b8463a203dc6900d78ee2053276cc948e4f41c8295,high,2026-09-25T16:02:37.616864+00:00,2026-09-25T16:02:37.616864+00:00,1,www.microsoft.com:2026-09-25,Listed in a structured IOC list as a malware sample
sha256,d6ab36cb58c6c8c3527e788fc9239d8dcc97468b6999cf9ccd8a815c8b4a80af,high,2026-09-25T16:02:37.616864+00:00,2026-09-25T16:02:37.616864+00:00,1,www.microsoft.com:2026-09-25,Listed in a structured IOC list as a malware sample
sha256,e453e6efc5a002709057d8648dbe9998a49b9a12291dee390bb61c98a58b6e95,high,2026-09-25T16:02:37.616864+00:00,2026-09-25T16:02:37.616864+00:00,1,www.microsoft.com:2026-09-25,Listed in a structured IOC list as a malware sample
md5,51e06382a88eb09639e1bc3565b444a6,high,2026-09-25T16:02:33.723056+00:00,2026-09-25T16:02:33.723056+00:00,1,cloud.google.com:2026-09-25,Identified as a malware sample in a threat report
md5,846cdb921841ac671c86350d494abf9c,high,2026-09-25T16:02:33.723056+00:00,2026-09-25T16:02:33.723056+00:00,1,cloud.google.com:2026-09-25,Identified as a malware sample in a threat report
md5,84d6e4ba1f4268e50810dacc7bbc3935,high,2026-09-25T16:02:33.723056+00:00,2026-09-25T16:02:33.723056+00:00,1,cloud.google.com:2026-09-25,Identified as a malware sample in a threat report
md5,a919b4454679ef60b39c82bd686ed141,high,2026-09-25T16:02:33.723056+00:00,2026-09-25T16:02:33.723056+00:00,1,cloud.google.com:2026-09-25,Identified as a malware sample in a threat report
md5,e42555b218248d1a2ba92c1532ef6786,high,2026-09-25T16:02:33.723056+00:00,2026-09-25T16:02:33.723056+00:00,1,cloud.google.com:2026-09-25,Identified as a malware sample in a threat report
sha1,a0c53dd42fc842d2f9276c5a1d4f9a26abe8713d,high,2026-09-25T15:31:28.425666+00:00,2026-09-25T15:31:28.425666+00:00,1,socket.dev:2026-09-25,Commit hash identified as containing malicious obfuscated payload.
sha256,74eca3973ad72a6ddc9397aff8250d9ee287211fc9a055d5ee290d01cf76a70c,high,2026-09-25T15:27:03+00:00,2026-09-25T15:27:03+00:00,1,Malwarebytes:2026-09-25,Listed as Kothamine Agent analyzed in the blog
sha256,ec4219a7ecf132c29080fbb20e4ab410c57faa85aeed7acade1eb15d905a6ee0,high,2026-09-25T15:27:03+00:00,2026-09-25T15:27:03+00:00,1,Malwarebytes:2026-09-25,Listed as Kothamine Injector analyzed in the blog
sha256,37fcbcb21d16866784050682c58424c91d3a736f6fd599271fa6e53cf5ca8a92,high,2026-09-25T15:01:35.803320+00:00,2026-09-25T15:01:35.803320+00:00,1,www.fortinet.com:2026-09-25,SHA256 hash of a malicious DLL
sha256,48D3ECBB9E0B6BABE6E53E2082A076BAD07EF61CCD98DCC8B9E4F390B937788B,high,2026-09-25T15:01:35.803320+00:00,2026-09-25T15:01:35.803320+00:00,1,www.fortinet.com:2026-09-25,SHA256 hash of a malicious DLL
sha256,95F6ABD3C43EF4B33CD61D054527233DD2CE705804D44A04BE96CFB73BB52E3A,high,2026-09-25T15:01:35.803320+00:00,2026-09-25T15:01:35.803320+00:00,1,www.fortinet.com:2026-09-25,SHA256 hash of a malicious database file
sha256,efa07701570983909ef923ea79bb032f19fd9dac0b819fa0e4f6b1161a4cc221,high,2026-09-25T15:01:35.803320+00:00,2026-09-25T15:01:35.803320+00:00,1,www.fortinet.com:2026-09-25,SHA256 hash of a malicious database file
md5,66B553A8B94CE37C16F4EBC863D51FCC,high,2026-09-25T15:01:35.609768+00:00,2026-09-25T15:01:35.609768+00:00,1,isc.sans.edu:2026-09-25,MD5 hash used in C2 traffic
sha256,353ddce78d58aef2083ca0ac271af93659cf0039b0b29d0d169fc015bd3610bc,high,2026-09-25T15:01:35.609768+00:00,2026-09-25T15:01:35.609768+00:00,1,isc.sans.edu:2026-09-25,SHA256 hash of a malicious executable
sha256,4849f76dafbef516df91fecfc23a72afffaf77ade51f805eae5ad552bed88923,high,2026-09-25T15:01:35.609768+00:00,2026-09-25T15:01:35.609768+00:00,1,isc.sans.edu:2026-09-25,SHA256 hash of a malicious executable
sha256,c7489e3bf546c5f2d958ac833cc7dbca4368dfba03a792849bc99c48a6b2a14f,high,2026-09-25T15:01:35.609768+00:00,2026-09-25T15:01:35.609768+00:00,1,isc.sans.edu:2026-09-25,SHA256 hash of a malicious archive
sha256,d9b576eb6827f38e33eda037d2cda4261307511303254a8509eeb28048433b2f,high,2026-09-25T15:01:35.609768+00:00,2026-09-25T15:01:35.609768+00:00,1,isc.sans.edu:2026-09-25,SHA256 hash of a malicious DLL
sha256,e0714788b4e2518b0d9d4cbf18c7217bb97718e01689d77338f1cc4a230fcb6c,high,2026-09-25T09:32:04.422915+00:00,2026-09-25T09:32:04.422915+00:00,1,www.threatfabric.com:2026-09-25,Listed in the article as an indicator of compromise
md5,415898f14843d4a6537cf8f43d328eaf,high,2026-09-24T18:01:32+00:00,2026-09-24T18:01:32+00:00,1,Blog.Talosintelligence:2026-09-24,MD5 hash of a prevalent malware file from Talos telemetry
md5,d65c7b544a97b0c3f2773b5fcc57d30e,high,2026-09-24T18:01:32+00:00,2026-09-24T18:01:32+00:00,1,Blog.Talosintelligence:2026-09-24,MD5 hash of a prevalent malware file from Talos telemetry
sha256,540080fea97d88ed902c5e4f9a026b4fcd32ab263706c520e00728f1a29578b8,high,2026-09-24T18:01:32+00:00,2026-09-24T18:01:32+00:00,1,Blog.Talosintelligence:2026-09-24,SHA-256 hash of a prevalent malware file from Talos telemetry
sha256,cfa1997682e4ed41bc691ba848d845abbe0b75ec97e640c2b015b4d1624a108a,high,2026-09-24T18:01:32+00:00,2026-09-24T18:01:32+00:00,1,Blog.Talosintelligence:2026-09-24,SHA-256 hash of a prevalent malware file from Talos telemetry
sha1,03ac191b235b3a867539720070a5e6ca1108b4f2,high,2026-09-24T17:38:49.232655+00:00,2026-09-24T17:38:49.232655+00:00,1,www.group-ib.com:2026-09-24,SHA1 hash of the Lumma Infostealer malware sample
sha256,06f434695f93d7fd11eeff71358ff69fed79d310a66d993bbcc4ff979c117c90,high,2026-09-24T14:57:10+00:00,2026-09-24T14:57:10+00:00,1,Arcticwolf:2026-09-24,SHA-256 hash of the final payload identified as Psychedelic Stealer
sha256,61954bab16df91e7a1c940a2bdd5a5cf3c61b529a7c75a5ff21ac78f15c61a86,high,2026-09-24T13:12:08.828530+00:00,2026-09-24T13:12:08.828530+00:00,1,haveibeensquatted.com:2026-09-24,SHA-256 hash of a malicious APK used in the campaign.
md5,00d12d842596bf5ee1805effb4571d30,high,2026-09-24T10:12:52+00:00,2026-09-24T10:12:52+00:00,1,Securelist:2026-09-24,MD5 hash of a stage six script in a malware campaign
md5,26a0f7cdb9f7dc5ace9a40af825b1538,high,2026-09-24T10:12:52+00:00,2026-09-24T10:12:52+00:00,1,Securelist:2026-09-24,MD5 hash of a stage one loader in a malware campaign
md5,2d69812584269699fade26622e6490c5,high,2026-09-24T10:12:52+00:00,2026-09-24T10:12:52+00:00,1,Securelist:2026-09-24,MD5 hash of a stage one loader in a malware campaign
md5,3ded1d71a822b53b12c3b67bcaf633f5,high,2026-09-24T10:12:52+00:00,2026-09-24T10:12:52+00:00,1,Securelist:2026-09-24,MD5 hash of a malicious calendar in a malware campaign
md5,3deeed48fd38f22e369f5c3092bd68a1,high,2026-09-24T10:12:52+00:00,2026-09-24T10:12:52+00:00,1,Securelist:2026-09-24,MD5 hash of a stage four dropper in a malware campaign
md5,4203ec932bfcc0907f91732440d6d997,high,2026-09-24T10:12:52+00:00,2026-09-24T10:12:52+00:00,1,Securelist:2026-09-24,MD5 hash of a stage three dropper in a malware campaign
md5,6791dad263cac6d63ebba6a4b57e7d71,high,2026-09-24T10:12:52+00:00,2026-09-24T10:12:52+00:00,1,Securelist:2026-09-24,MD5 hash of a stage one loader in a malware campaign
md5,7212229c85852c3bffaf9740002b2f39,high,2026-09-24T10:12:52+00:00,2026-09-24T10:12:52+00:00,1,Securelist:2026-09-24,MD5 hash of an auxiliary script in a malware campaign
md5,781ce50001d4b449600afa347c9b0208,high,2026-09-24T10:12:52+00:00,2026-09-24T10:12:52+00:00,1,Securelist:2026-09-24,MD5 hash of a stage three dropper in a malware campaign
md5,7df1049cbd56c0bfa4a3364a379b4c2c,high,2026-09-24T10:12:52+00:00,2026-09-24T10:12:52+00:00,1,Securelist:2026-09-24,MD5 hash of a stage one loader in a malware campaign
md5,8dc8561349d144d4661bc66f2ec49f9f,high,2026-09-24T10:12:52+00:00,2026-09-24T10:12:52+00:00,1,Securelist:2026-09-24,MD5 hash of an auxiliary autorun tool in a malware campaign
md5,8e84b01d5ac9624f0b181ade0e737193,high,2026-09-24T10:12:52+00:00,2026-09-24T10:12:52+00:00,1,Securelist:2026-09-24,MD5 hash of a stage three dropper in a malware campaign
md5,980e2134679bc0c609f7659882883d77,high,2026-09-24T10:12:52+00:00,2026-09-24T10:12:52+00:00,1,Securelist:2026-09-24,MD5 hash of a stage three dropper in a malware campaign
md5,9a0043d900a9ac78c886c59c9a328fd0,high,2026-09-24T10:12:52+00:00,2026-09-24T10:12:52+00:00,1,Securelist:2026-09-24,MD5 hash of a stage six script in a malware campaign
md5,9f15fe9c4415cd668334339f705b94d8,high,2026-09-24T10:12:52+00:00,2026-09-24T10:12:52+00:00,1,Securelist:2026-09-24,MD5 hash of a stage one loader in a malware campaign
md5,c53d0ea45dbc622afb7f16ea3eec78bc,high,2026-09-24T10:12:52+00:00,2026-09-24T10:12:52+00:00,1,Securelist:2026-09-24,MD5 hash of an infostealer in a malware campaign
md5,eb760d5c88f13f7ee0f8f86ba3407123,high,2026-09-24T10:12:52+00:00,2026-09-24T10:12:52+00:00,1,Securelist:2026-09-24,MD5 hash of a stage three dropper in a malware campaign
md5,f97d24212fa6a21be0c4d211e10f044c,high,2026-09-24T10:12:52+00:00,2026-09-24T10:12:52+00:00,1,Securelist:2026-09-24,MD5 hash of a stage five script in a malware campaign
md5,f9f70096aabb4d22a6657014f4853a53,high,2026-09-24T10:12:52+00:00,2026-09-24T10:12:52+00:00,1,Securelist:2026-09-24,Listed as a stage three dropper in the malware analysis.
md5,fb90887592655a8c989e443c640167aa,high,2026-09-24T10:12:52+00:00,2026-09-24T10:12:52+00:00,1,Securelist:2026-09-24,Listed as a stage one loader in the malware analysis.
md5,fc3ba5ed282d77127efd0b0f2403531b,high,2026-09-24T10:12:52+00:00,2026-09-24T10:12:52+00:00,1,Securelist:2026-09-24,Listed as a backdoor in the malware analysis.
sha256,5455341ed1bbe75a664fca2dd0794c508e1874f75360253a7ff5bc119bc92d80,high,2026-09-23T14:43:17.455423+00:00,2026-09-23T14:43:17.455423+00:00,1,www.microsoft.com:2026-09-23,Listed as a loader executable hash downloading Vidar stealer
sha256,2ff2945b13a4cd0e9a65c85af29ea1539e162a516466c0de682dbf9f8a4000b1,high,2026-09-23T08:31:59.019086+00:00,2026-09-23T08:31:59.019086+00:00,1,www.greynoise.io:2026-09-23,Hash of a malicious backdoor delivered to targets
md5,dc78e206eaeadec59fc5801fe4556bd0,high,2026-09-22T12:35:29+00:00,2026-09-23T07:52:10+00:00,2,Rescana:2026-09-23|Thehackernews:2026-09-22,Listed as a known malicious MD5 hash in the context of the attack
sha256,1c923c685f97e556f241d0f1880283500a61dc7ecae8cafe75f34c720ff6b918,high,2026-09-22T22:12:48+00:00,2026-09-22T22:12:48+00:00,1,Huntress:2026-09-22,Listed as a malware sample in the IOC section
sha256,3052352ac811c48590f0239281312c35560fc06b4dc39790e365eb1e7cab8634,high,2026-09-22T22:12:48+00:00,2026-09-22T22:12:48+00:00,1,Huntress:2026-09-22,Listed as a malware sample in the IOC section
sha256,394c93dfbb7581c66a23c52b20cd90b31415c0825a2eab7107e60ee3fe693c04,high,2026-09-22T22:12:48+00:00,2026-09-22T22:12:48+00:00,1,Huntress:2026-09-22,Listed as a malware sample in the IOC section
sha256,4a18f65ab7de7be385cbcebc78c9ae49334294f93726822b8900f9b7a324a6b0,high,2026-09-22T22:12:48+00:00,2026-09-22T22:12:48+00:00,1,Huntress:2026-09-22,Listed as a malware sample in the IOC section
sha256,52b242047a8055c0936b384b952c1c16c1072a590610140b01f4acefa8ae883a,high,2026-09-22T22:12:48+00:00,2026-09-22T22:12:48+00:00,1,Huntress:2026-09-22,Listed as a malware sample in the IOC section
sha256,54ed18aa883b53794810be0428b3a0167758183c5b3ba5660af747dc81dd5b76,high,2026-09-22T22:12:48+00:00,2026-09-22T22:12:48+00:00,1,Huntress:2026-09-22,Listed as a malware sample in the IOC section
sha256,9fb5888f9ac99227a35f3e08ca08bfb9eed676e1f91638599eba0d7a5aac847f,high,2026-09-22T22:12:48+00:00,2026-09-22T22:12:48+00:00,1,Huntress:2026-09-22,Listed as a malware sample in the IOC section
sha256,d7185bd7b450b478c793ece3025bdd867eed70bb7b739a5f26375b5ba6cf0d93,high,2026-09-22T22:12:48+00:00,2026-09-22T22:12:48+00:00,1,Huntress:2026-09-22,Listed as a malware sample in the IOC section
sha256,460d359253d9933ad373ffc8a0027adc5a79d5ca542ab9b2cf9532f949682aa7,high,2026-09-22T18:40:26+00:00,2026-09-22T18:40:26+00:00,1,Sploitus:2026-09-22,SHA-256 hash of a payload used in an exploit
sha1,5c30d58dc44182f959c8035e990153b3553deace,high,2026-09-22T17:05:35.211302+00:00,2026-09-22T17:05:35.211302+00:00,1,www.reversinglabs.com:2026-09-22,Listed as an IOC in a threat report
sha1,e3a71d70a5a5d3790a352955edb3bb7a003dd6d5,high,2026-09-22T17:05:35.211302+00:00,2026-09-22T17:05:35.211302+00:00,1,www.reversinglabs.com:2026-09-22,Listed as an IOC in a threat report
sha1,eea702ebc53a4b9f8c1b511fffce16f6874de666,high,2026-09-22T17:05:35.211302+00:00,2026-09-22T17:05:35.211302+00:00,1,www.reversinglabs.com:2026-09-22,Listed as an IOC in a threat report
sha1,f1487451933a05a680e71dde7a2b11560d2d33a7,high,2026-09-22T17:05:35.211302+00:00,2026-09-22T17:05:35.211302+00:00,1,www.reversinglabs.com:2026-09-22,Listed as an IOC in a threat report
sha256,5f892a5424e88a21a3eb3d7f82ebf04d8ac31cdb19ada25153be4165df977d0f,high,2026-09-22T15:17:55+00:00,2026-09-22T15:17:55+00:00,1,Aikido.Dev:2026-09-22,SHA256 hash of a malicious ZIP file used in the malware campaign
sha256,ab01686d87565250fc4989faddb877d793667b07ec217a61cbd798f5695d62f5,high,2026-09-22T15:17:55+00:00,2026-09-22T15:17:55+00:00,1,Aikido.Dev:2026-09-22,SHA256 hash of a malicious ZIP file used in the malware campaign
sha256,b9966e3762e9a0d5d263b8cb3cca07294f81af9714d40ddf4628cb85d74e8ad5,high,2026-09-22T15:17:55+00:00,2026-09-22T15:17:55+00:00,1,Aikido.Dev:2026-09-22,SHA256 hash used as an AES key in the malware
sha256,8858ea412dc306b3558885af18006c5ca24689e8875733b5e13b3c2692e603cb,high,2026-09-22T10:31:16+00:00,2026-09-22T10:31:16+00:00,1,Gbhackers:2026-09-22,Hash of a malware family identified as CLEANGULP
md5,1c1f2257b85a20a0eac07f992a283b3a,high,2026-09-22T04:55:20+00:00,2026-09-22T04:55:20+00:00,1,Sploitus:2026-09-22,Unique device fingerprint used in malware communication
md5,53e49c7bf3e93b57f8cbfc7fb9a65126,high,2026-09-22T04:55:20+00:00,2026-09-22T04:55:20+00:00,1,Sploitus:2026-09-22,Hash used in malware communication
md5,5df097591d6942bae4eff33a37c4e28f,high,2026-09-22T04:55:20+00:00,2026-09-22T04:55:20+00:00,1,Sploitus:2026-09-22,Hash of a decrypted malware sample
sha256,3476536a5c722b9e34c53abda766fb4869d5ebebfc9c8a8fd47fb7ecd5f025b9,high,2026-09-22T04:55:20+00:00,2026-09-22T04:55:20+00:00,1,Sploitus:2026-09-22,Identified as a malware sample in a threat report
sha256,e5a193c31526a2194d04a2157321d490d68f9251fab1cbbd28c2580971396fb7,high,2026-09-22T04:55:20+00:00,2026-09-22T04:55:20+00:00,1,Sploitus:2026-09-22,Hash of a decrypted malware sample
md5,91e020c13cb97a6365135b53b0d0fe5f,high,2026-09-21T21:03:59.851622+00:00,2026-09-21T21:03:59.851622+00:00,1,research.jfrog.com:2026-09-21,MD5 hash of a malicious WASM decoder used in the campaign
sha256,1fe3646d27d286db8123297e06ae7badf3e26f352a04f91b6d82c28869a91664,high,2026-09-21T15:38:12.879049+00:00,2026-09-21T15:38:12.879049+00:00,1,www.huntress.com:2026-09-21,Listed as SHA256 hash of malware payload.
sha256,26bae4d7012bf59847ab4036a065419c3d4ca47e020479f55b3b2c6d0d21394a,high,2026-09-21T15:38:12.879049+00:00,2026-09-21T15:38:12.879049+00:00,1,www.huntress.com:2026-09-21,Listed as SHA256 hash of malware payload.
sha256,f8acb8f5cf88b77a4c27d7fd6856aa299bb178e85f9963c2fbd447d818da3ed0,high,2026-09-21T15:38:12.879049+00:00,2026-09-21T15:38:12.879049+00:00,1,www.huntress.com:2026-09-21,Listed as SHA256 hash of malware payload.
sha256,6759c72365d0c690db613ff30635970668f5699b65c3842ecdc4f1b695ed13a7,high,2026-09-21T11:02:57.464783+00:00,2026-09-21T11:02:57.464783+00:00,1,adamnet.works:2026-09-21,Identified as part of a Windows loader chain
sha256,985683bd660c0c47c6be513a2d1f0a554d52d241714bb17fb18ab0d0f8cc2dc6,high,2026-09-21T11:02:57.464783+00:00,2026-09-21T11:02:57.464783+00:00,1,adamnet.works:2026-09-21,Identified as part of a delivery route
sha256,e6e54a8e8f30cedd8492f515ab95e005478bafb41998c43341fcf3a494573d6c,high,2026-09-21T11:02:57.464783+00:00,2026-09-21T11:02:57.464783+00:00,1,adamnet.works:2026-09-21,Identified as a historical helper
md5,0108656A3E1ADE6CA4F21B084F5E1208,high,2026-09-21T10:19:03+00:00,2026-09-21T10:19:03+00:00,1,Securelist:2026-09-21,Listed as a process killer tool used by ransomware
md5,BEA5E267F24D7DA59F6821BFFDBFF293,high,2026-09-21T10:19:03+00:00,2026-09-21T10:19:03+00:00,1,Securelist:2026-09-21,Listed as a process killer tool used by ransomware
sha256,08712e497216cdd0d34651a82380f5103b509ce0184792cedc631d769f436df3,high,2026-09-21T04:20:50+00:00,2026-09-21T04:20:50+00:00,1,Hackernoon:2026-09-21,Listed as a stager in a malware campaign
sha256,14e9cac380b3f1075a8138ab14826bc71db222947fb6477fb71d124e80d6c09d,high,2026-09-21T04:20:50+00:00,2026-09-21T04:20:50+00:00,1,Hackernoon:2026-09-21,Listed as a stager in a malware campaign
sha256,1b9ef24d0c55a54c2bfa3d7470d0d66ffd4155886eb13c8749990845bd088d56,high,2026-09-21T04:20:50+00:00,2026-09-21T04:20:50+00:00,1,Hackernoon:2026-09-21,Listed as a stager in a malware campaign
sha256,2704a7cd5f3f0c225a39640137f9d4e12fee50af153bbb8712194cb2eb97b2c7,high,2026-09-21T04:20:50+00:00,2026-09-21T04:20:50+00:00,1,Hackernoon:2026-09-21,Listed as a stager in a malware campaign
sha256,47ac4d7fdd9c3bd85a8eef42b04c2399dd51deb6864f68deb493d388fc40dea5,high,2026-09-21T04:20:50+00:00,2026-09-21T04:20:50+00:00,1,Hackernoon:2026-09-21,Listed as a launcher in a malware campaign
sha256,53a1064c79dc35caed4d1ddcde485532789cee2cbf140a11e7e2fc40c85259f8,high,2026-09-21T04:20:50+00:00,2026-09-21T04:20:50+00:00,1,Hackernoon:2026-09-21,Listed as a descriptor in a malware campaign
sha256,69a1979fcf1b9db74620db24b7e3bd07559ac182643f6b88ed97bbd0d4b68dc8,high,2026-09-21T04:20:50+00:00,2026-09-21T04:20:50+00:00,1,Hackernoon:2026-09-21,Listed as a launcher in a malware campaign
sha256,6c594fb41b6f8414b67cc2921982624f0827789df81e9cacf896385d8b38d643,high,2026-09-21T04:20:50+00:00,2026-09-21T04:20:50+00:00,1,Hackernoon:2026-09-21,Listed as a descriptor in a malware campaign
sha256,6e2eb4e95142c7a11183f8f28b1a3eda51bbc435b300ec5199e43d08a876e14a,high,2026-09-21T04:20:50+00:00,2026-09-21T04:20:50+00:00,1,Hackernoon:2026-09-21,Listed as a launcher in a malware campaign
sha256,77d83e5822e5d5074a2e508941a7fb042e7f892379379e89ec6bc62f2e62654d,high,2026-09-21T04:20:50+00:00,2026-09-21T04:20:50+00:00,1,Hackernoon:2026-09-21,Listed as a thin slice in a malware campaign
sha256,802cd1c10958e202f64c1047c6111946311a7116c3329fc7958b190eac41f806,high,2026-09-21T04:20:50+00:00,2026-09-21T04:20:50+00:00,1,Hackernoon:2026-09-21,Listed as a chain in a malware campaign
sha256,a39d622b89bc3ddd903e9cefd2848d19a039c7d92178969b86f9ecf7ba36df49,high,2026-09-21T04:20:50+00:00,2026-09-21T04:20:50+00:00,1,Hackernoon:2026-09-21,Listed as a helper in a malware campaign
sha256,adc6b308147b68fc6bb9eb2e77e62c8182e3a4f589277aa10d608a101abbb524,high,2026-09-21T04:20:50+00:00,2026-09-21T04:20:50+00:00,1,Hackernoon:2026-09-21,Listed as a launcher in a malware campaign
sha256,afcaf87c21820f83f409feebd7a1edccaa269869386de163c86e33ace1dbc561,high,2026-09-21T04:20:50+00:00,2026-09-21T04:20:50+00:00,1,Hackernoon:2026-09-21,Listed as a thin slice in a malware campaign
sha256,b222f78c1cc4170383817facfa9180da7096f07d9113fbc42904e2cde6e0ad05,high,2026-09-21T04:20:50+00:00,2026-09-21T04:20:50+00:00,1,Hackernoon:2026-09-21,Listed as a stealer in a malware campaign
sha256,b4be845571320766e1e9ea7d62140aca98f57fc618a4ff1bf243a8eaea3f9f3a,high,2026-09-21T04:20:50+00:00,2026-09-21T04:20:50+00:00,1,Hackernoon:2026-09-21,Listed as a stealer in a malware campaign
sha256,c57afa2abaf8626cabe583136e6205ea170d318d155bd9272d90c0395aee6b57,high,2026-09-21T04:20:50+00:00,2026-09-21T04:20:50+00:00,1,Hackernoon:2026-09-21,Listed as a stager in a malware campaign
sha256,c7586e5e4e52e3678ded75d43cd73225fd4bb2f63a945f19a1f23d010a52e7da,high,2026-09-21T04:20:50+00:00,2026-09-21T04:20:50+00:00,1,Hackernoon:2026-09-21,Listed as a loader in a malware campaign
sha256,c7bbbd1c00dbbb56a97bb5409107d85273f540d91df2732cdbbbe16681e0ba06,high,2026-09-21T04:20:50+00:00,2026-09-21T04:20:50+00:00,1,Hackernoon:2026-09-21,Listed as a campaign artifact in a malware campaign
sha256,cacb68741b9d19dc6856a4e8cd93ed47c6c0b9cdc708e4b06ca728fd8731b5c3,high,2026-09-21T04:20:50+00:00,2026-09-21T04:20:50+00:00,1,Hackernoon:2026-09-21,Listed as a runner in a malware campaign
sha256,da3f059fc1aca6df4a4496735d361fd7ddbaf123f82ca4df99e5e44cb44c2ebf,high,2026-09-21T04:20:50+00:00,2026-09-21T04:20:50+00:00,1,Hackernoon:2026-09-21,Listed as a stager in a malware campaign
sha256,f2345efe4e13ad2c3e831e5c3fba6d1d11ab9ae41f0ee125fb92cc224c681aca,high,2026-09-21T04:20:50+00:00,2026-09-21T04:20:50+00:00,1,Hackernoon:2026-09-21,Listed as a stealer in a malware campaign
sha256,f8dbb74ff25627369691c9485e126e3a641fb081b37d51bcf9d67e3da19b748e,high,2026-09-21T04:20:50+00:00,2026-09-21T04:20:50+00:00,1,Hackernoon:2026-09-21,Listed as a launcher in a malware campaign
sha1,44F0A22B143B79FA760BF31E14C8FFF714C8A2A1,high,2026-09-19T18:07:18.698405+00:00,2026-09-19T18:07:18.698405+00:00,1,www.welivesecurity.com:2026-09-19,SHA-1 hash of a malware sample analyzed in the report
sha256,7b15605f23b131b3eeea57e031ae7cb32fc4b78c7bbb2025aa7a561ea5ae5159,high,2026-09-18T16:31:06.838096+00:00,2026-09-18T16:31:06.838096+00:00,1,opensourcemalware.com:2026-09-18,SHA-256 hash of a second-stage artifact in the malware chain
sha256,6f98add5d1a7729192b6ad8491d85c505c64836f7881742d6b93bd8e3d2fe461,high,2026-09-18T07:18:32.313934+00:00,2026-09-18T07:18:32.313934+00:00,1,blog.talosintelligence.com:2026-09-18,Listed as Cyclops Blink malware sample
sha256,B037f45e02a289325a1a5eb0d4db6a9fce9954fd0fdfd07162cb4eb2acbef77d,high,2026-09-18T07:18:32.313934+00:00,2026-09-18T07:18:32.313934+00:00,1,blog.talosintelligence.com:2026-09-18,Listed as a web shell malware sample
sha256,db491181ece3f319de6567ab6f6daa90c6879911cd890155e6b7d8cc7a1a8c8e,high,2026-09-18T07:18:32.313934+00:00,2026-09-18T07:18:32.313934+00:00,1,blog.talosintelligence.com:2026-09-18,Listed as a JAR-based command executor malware sample
md5,5f109e7bb3df4dea81946f2f853da288,high,2026-09-18T07:04:44.392720+00:00,2026-09-18T07:04:44.392720+00:00,1,www.elastic.co:2026-09-18,Used as part of a malicious campaign
md5,87b76a60ba7c474dbf8f689df2808e1a,high,2026-09-18T07:04:44.392720+00:00,2026-09-18T07:04:44.392720+00:00,1,www.elastic.co:2026-09-18,Used as part of a malicious campaign
md5,f9e95a1e1fa3f3aebfc802c6c8e6a2eb,high,2026-09-18T07:04:44.392720+00:00,2026-09-18T07:04:44.392720+00:00,1,www.elastic.co:2026-09-18,Used as part of a malicious campaign
sha256,106eac79396a3ff77b8f375c391260ce422be2ae4d55d3aa75b2635cbdc0fa42,high,2026-09-18T07:04:44.392720+00:00,2026-09-18T07:04:44.392720+00:00,1,www.elastic.co:2026-09-18,Used as part of a malicious campaign
sha256,170dffb37e05f525f735bc9ad84b3908a488f7ce43fcb07739a10e4331e15a2c,high,2026-09-18T07:04:44.392720+00:00,2026-09-18T07:04:44.392720+00:00,1,www.elastic.co:2026-09-18,Used as part of a malicious campaign
sha256,223be3f8648bf6998c4a58b972522e5fda8d9d0a57b4e163811930de66c3f7ca,high,2026-09-18T07:04:44.392720+00:00,2026-09-18T07:04:44.392720+00:00,1,www.elastic.co:2026-09-18,Used as part of a malicious campaign
sha256,5ece7fd3766b0b7f8aadefa562313cea6c3c94f9398658dd389910e5be44f552,high,2026-09-18T07:04:44.392720+00:00,2026-09-18T07:04:44.392720+00:00,1,www.elastic.co:2026-09-18,Used as part of a malicious campaign
sha256,ba80216c960977fa45e317f00dcf31e96acab29904a737cbc0bf86e929c3be5f,high,2026-09-18T07:04:44.392720+00:00,2026-09-18T07:04:44.392720+00:00,1,www.elastic.co:2026-09-18,Used as part of a malicious campaign
sha256,c8c38634dd44d7c6162c66174a6ee23ee404265125166e8d757681bdd66a4268,high,2026-09-18T07:04:44.392720+00:00,2026-09-18T07:04:44.392720+00:00,1,www.elastic.co:2026-09-18,Used as part of a malicious campaign
sha256,002dc9f6823ad8d3de23bcb5e41bcefd895df573ed3d89e0821243aa9b7bb4a8,high,2026-09-17T16:10:35+00:00,2026-09-17T16:10:35+00:00,1,Cyfirma:2026-09-17,Listed in a YARA rule as a malware sample hash associated with APT31
sha256,70a0b041d945a1d26a65ae366537e5de7353f0a4b0b0c9abcbfe9eb6cfa8d44b,high,2026-09-17T16:10:35+00:00,2026-09-17T16:10:35+00:00,1,Cyfirma:2026-09-17,Listed in a YARA rule as a malware sample hash
sha256,b377fb7c454dea093ba4c63040f6177dd6a1ef7cf623497c043a9ce631e5d0b4,high,2026-09-17T16:10:35+00:00,2026-09-17T16:10:35+00:00,1,Cyfirma:2026-09-17,Listed in a YARA rule as a malware sample hash
sha256,e1999a3e5a611312e16bb65bb5a880dfedbab8d4d2c0a5d3ed1ed926a3f63e94,high,2026-09-17T16:10:35+00:00,2026-09-17T16:10:35+00:00,1,Cyfirma:2026-09-17,Listed in a YARA rule as a malware sample hash associated with APT31
md5,4843F9FAFCAE492F11E2D4D33DBB4CDD,high,2026-09-17T16:05:22.520791+00:00,2026-09-17T16:05:22.520791+00:00,1,securelist.com:2026-09-17,Listed in IOC section as a malware sample hash
md5,5310CABAE3FBE6DB8742849B588093F9,high,2026-09-17T16:05:22.520791+00:00,2026-09-17T16:05:22.520791+00:00,1,securelist.com:2026-09-17,Listed in IOC section as a malware sample hash
md5,70060341CAF3338697A7DDFE0FB62875,high,2026-09-17T16:05:22.520791+00:00,2026-09-17T16:05:22.520791+00:00,1,securelist.com:2026-09-17,Listed in IOC section as a malware sample hash
md5,A0B13781EDD7CFDAB13D79AFFF3C83C1,high,2026-09-17T16:05:22.520791+00:00,2026-09-17T16:05:22.520791+00:00,1,securelist.com:2026-09-17,Listed in IOC section as a malware sample hash
md5,AD4643EEA15AC286FA47D1131F9EF756,high,2026-09-17T16:05:22.520791+00:00,2026-09-17T16:05:22.520791+00:00,1,securelist.com:2026-09-17,Listed in IOC section as a malware sample hash
md5,D0B967571AC8A3863C7F324BF5BDE99C,high,2026-09-17T16:05:22.520791+00:00,2026-09-17T16:05:22.520791+00:00,1,securelist.com:2026-09-17,Listed in IOC section as a malware sample hash
md5,D88D550D0FB8E60CFFFF3EA61FF7A067,high,2026-09-17T16:05:22.520791+00:00,2026-09-17T16:05:22.520791+00:00,1,securelist.com:2026-09-17,Listed in IOC section as a malware sample hash
md5,01d98380dfb9211251c75c87ddb3c79c,high,2026-09-17T14:03:30.879693+00:00,2026-09-17T14:03:30.879693+00:00,1,securelist.com:2026-09-17,Listed as a malware hash compromising Exchange servers
sha256,0f8f7cd39e1a5231b49f986b877befce0c2f558f0c1a9844833ac702cb3eba6e,high,2026-09-17T14:01:48.566375+00:00,2026-09-17T14:01:48.566375+00:00,1,www.trendmicro.com:2026-09-17,Hardcoded hash used to decode C&C server domain
sha1,3933f8309824a9127dde97b9c0f5459b06fd6c13,high,2026-09-17T14:01:48.046135+00:00,2026-09-17T14:01:48.046135+00:00,1,research.checkpoint.com:2026-09-17,Listed in a table of IOCs as a malware sample hash
sha1,3f2b758122c0d180ccfba03b74b593854f2b0e86,high,2026-09-17T14:01:48.046135+00:00,2026-09-17T14:01:48.046135+00:00,1,research.checkpoint.com:2026-09-17,Listed in a table of IOCs as a malware sample hash
sha1,44b6627acd5b2c601443c55d2e44ae4298381720,high,2026-09-17T14:01:48.046135+00:00,2026-09-17T14:01:48.046135+00:00,1,research.checkpoint.com:2026-09-17,Listed in a table of IOCs as a malware sample hash
sha1,51c7a774a0616b4611966d6d4f783c1164c9fa50,high,2026-09-17T14:01:48.046135+00:00,2026-09-17T14:01:48.046135+00:00,1,research.checkpoint.com:2026-09-17,Listed in a table of IOCs as a malware sample hash
sha1,817bd8fff5b026ba74852955eb5f84244a92e098,high,2026-09-17T14:01:48.046135+00:00,2026-09-17T14:01:48.046135+00:00,1,research.checkpoint.com:2026-09-17,Listed in a table of IOCs as a malware sample hash
sha1,9d7b264367320da38c94be1f940c663375d67a2a,high,2026-09-17T14:01:48.046135+00:00,2026-09-17T14:01:48.046135+00:00,1,research.checkpoint.com:2026-09-17,Listed in a table of IOCs as a malware sample hash
sha1,bbdce69acc6101c1f61748c91010c579625ef758,high,2026-09-17T14:01:48.046135+00:00,2026-09-17T14:01:48.046135+00:00,1,research.checkpoint.com:2026-09-17,Listed in a table of IOCs as a malware sample hash
sha1,c098dc7c06e0da8f6e2551f262375713ba87ca05,high,2026-09-17T14:01:48.046135+00:00,2026-09-17T14:01:48.046135+00:00,1,research.checkpoint.com:2026-09-17,Listed in a table of IOCs as a malware sample hash
sha1,cf9c74ed67a4fbe89ab77643f3acbd98b14d5568,high,2026-09-17T14:01:48.046135+00:00,2026-09-17T14:01:48.046135+00:00,1,research.checkpoint.com:2026-09-17,Listed in a table of IOCs as a malware sample hash
sha1,d9fb2504008345af97b0e400706cdaa406476314,high,2026-09-17T14:01:48.046135+00:00,2026-09-17T14:01:48.046135+00:00,1,research.checkpoint.com:2026-09-17,Listed in a table of IOCs as a malware sample hash
sha1,c10e48ee1f802f730f41f3d11ae9d7bcc649080c,high,2026-09-16T20:52:26+00:00,2026-09-16T20:52:26+00:00,1,Sploitus:2026-09-16,Identified as a malicious file hash from AgentTesla malware
sha256,b7512e6b8e9517024afdecc9e97121319e7dad2539eb21a79428257401e5558d,high,2026-09-16T20:52:26+00:00,2026-09-16T20:52:26+00:00,1,Sploitus:2026-09-16,Identified as a malicious file hash from AgentTesla malware
md5,40a75f87f1e52c33df9ca733aaf8ebbb,high,2026-09-16T16:47:29+00:00,2026-09-16T16:47:29+00:00,1,Zscaler:2026-09-16,Listed in a table of malware hashes related to the campaign
md5,aade06ec611d69f1553035f22356ccf4,high,2026-09-16T16:47:29+00:00,2026-09-16T16:47:29+00:00,1,Zscaler:2026-09-16,Listed in a table of malware hashes related to the campaign
md5,ae77f1834ccde53258bc27a779102af2,high,2026-09-16T16:47:29+00:00,2026-09-16T16:47:29+00:00,1,Zscaler:2026-09-16,Listed in a table of malware hashes related to the campaign
md5,f16f507a8ed515663a4f07050cd97a74,high,2026-09-16T16:47:29+00:00,2026-09-16T16:47:29+00:00,1,Zscaler:2026-09-16,Listed in a table of malware hashes related to the campaign
sha1,00aff1a72c5d5635ab36ce2eb370718a7f0557a0,high,2026-09-16T16:47:29+00:00,2026-09-16T16:47:29+00:00,1,Zscaler:2026-09-16,Listed in a table of malware hashes related to the campaign
sha1,00e1cc0fb1355c196c069791a02b4a5f3b57ae94,high,2026-09-16T16:47:29+00:00,2026-09-16T16:47:29+00:00,1,Zscaler:2026-09-16,Listed in a table of malware hashes related to the campaign
sha1,761ccb15af1c3fe6e4365ddf65578966e4c84fc9,high,2026-09-16T16:47:29+00:00,2026-09-16T16:47:29+00:00,1,Zscaler:2026-09-16,Listed in a table of malware hashes related to the campaign
sha1,ad4afe86a835bb2f7768862d358ebd8324c05902,high,2026-09-16T16:47:29+00:00,2026-09-16T16:47:29+00:00,1,Zscaler:2026-09-16,Listed in a table of malware hashes related to the campaign
sha256,05bbeea42f481a3dd1b3f670aba481f7c5c8e897ef321d65188317be5a65a4d7,high,2026-09-16T16:47:29+00:00,2026-09-16T16:47:29+00:00,1,Zscaler:2026-09-16,Listed in a table of malware hashes related to the campaign
sha256,52d07b3ef0c5f27d082551d51027de452682e1fbd5bb38a897ea4b31bd387523,high,2026-09-16T16:47:29+00:00,2026-09-16T16:47:29+00:00,1,Zscaler:2026-09-16,Listed in a table of malware hashes related to the campaign
sha256,70fc6cba3c2021889fb4093d0221dc6925818666df25718a630c562cac18da31,high,2026-09-16T16:47:29+00:00,2026-09-16T16:47:29+00:00,1,Zscaler:2026-09-16,Listed in a table of malware hashes related to the campaign
sha256,80fdde0dafa450ae33937ccef752b46666da567926b2f39b37e02e77f9d6a92e,high,2026-09-16T16:47:29+00:00,2026-09-16T16:47:29+00:00,1,Zscaler:2026-09-16,Listed in a table of malware hashes related to the campaign
md5,1dcafb7f8448683281106b06dd22409a,high,2026-09-16T10:22:25+00:00,2026-09-16T10:22:25+00:00,1,Securelist:2026-09-16,Listed as a malware hash in the IOC section
md5,1f3034b706c78b35d8e34044e68c693a,high,2026-09-16T10:22:25+00:00,2026-09-16T10:22:25+00:00,1,Securelist:2026-09-16,Listed as a malware hash in the IOC section
md5,3ecd1cd627d0340c92901a478a7caad8,high,2026-09-16T10:22:25+00:00,2026-09-16T10:22:25+00:00,1,Securelist:2026-09-16,Listed as a malware hash in the IOC section
md5,4aa9fb1bf9223dfcdac920759bc7a3c7,high,2026-09-16T10:22:25+00:00,2026-09-16T10:22:25+00:00,1,Securelist:2026-09-16,Listed as a malware hash in the IOC section
md5,631fb131a56caf4ca0f287ed73e876ab,high,2026-09-16T10:22:25+00:00,2026-09-16T10:22:25+00:00,1,Securelist:2026-09-16,Listed as a malware hash in the IOC section
sha256,009a1e2d7a582a24e50cf2ffc2a005482c8e38f22bf5ed416053855f8d054e1e,high,2026-09-16T02:04:55.793732+00:00,2026-09-16T02:04:55.793732+00:00,1,www.rapid7.com:2026-09-16,Listed in a table of malware hashes as an IOC.
sha256,09739441ed4599bac2f8159028f772f71e4b25c8badfff95574e56d7384f3dbe,high,2026-09-16T02:04:55.793732+00:00,2026-09-16T02:04:55.793732+00:00,1,www.rapid7.com:2026-09-16,Listed in a table of malware hashes as an IOC.
sha256,12810854c8b2c391b23e2e18b013e873d0369b0637aa3cf993136c07188ba3b8,high,2026-09-16T02:04:55.793732+00:00,2026-09-16T02:04:55.793732+00:00,1,www.rapid7.com:2026-09-16,Listed in a table of malware hashes as an IOC.
sha256,2f02b09d61d432134e994ad671258f523bbf289ae6091fd4eae192c60bd51b6f,high,2026-09-16T02:04:55.793732+00:00,2026-09-16T02:04:55.793732+00:00,1,www.rapid7.com:2026-09-16,Listed in a table of malware hashes as an IOC.
sha256,5db1b6d52faf60b4f32d6fd0c7c938e4d05d29a14c32ded4a9668357c08b6a91,high,2026-09-16T02:04:55.793732+00:00,2026-09-16T02:04:55.793732+00:00,1,www.rapid7.com:2026-09-16,Listed in a table of malware hashes as an IOC.
sha256,6cf1b5e92a9c0756f597a5ddefb38eba32961c52efac7ab2a0aa52c639a8fc53,high,2026-09-16T02:04:55.793732+00:00,2026-09-16T02:04:55.793732+00:00,1,www.rapid7.com:2026-09-16,Listed in a table of malware hashes as an IOC.
sha256,7007a78d50a993cb174c685eba96eb442c9507e38fd9d8e5dffc712f613ec110,high,2026-09-16T02:04:55.793732+00:00,2026-09-16T02:04:55.793732+00:00,1,www.rapid7.com:2026-09-16,Listed in a table of malware hashes as an IOC.
sha256,83f7d565b0465546027052b597af46eae3a199e7a91fcc2ab936341147349130,high,2026-09-16T02:04:55.793732+00:00,2026-09-16T02:04:55.793732+00:00,1,www.rapid7.com:2026-09-16,Listed in a table of malware hashes as an IOC.
sha256,8f30b57928934ae67478d0e690c91d046e35a638da098d02922a4a88a0fdb66c,high,2026-09-16T02:04:55.793732+00:00,2026-09-16T02:04:55.793732+00:00,1,www.rapid7.com:2026-09-16,Listed in a table of malware hashes as an IOC.
sha256,94630b96f628c96a6bff7904b40ffc9ad67c86f8a4ff6080c3b524831c93f402,high,2026-09-16T02:04:55.793732+00:00,2026-09-16T02:04:55.793732+00:00,1,www.rapid7.com:2026-09-16,Listed in a table of malware hashes as an IOC.
sha256,a1d8af3a6acb731f07f72040eccb3450c1c83d40e29f736c2a63d35388660be4,high,2026-09-16T02:04:55.793732+00:00,2026-09-16T02:04:55.793732+00:00,1,www.rapid7.com:2026-09-16,Listed in a table of malware hashes as an IOC.
sha256,a8bfab4de81a1acb04aacdf757346946b0f5e30f0c9f402004016d0e425119c7,high,2026-09-16T02:04:55.793732+00:00,2026-09-16T02:04:55.793732+00:00,1,www.rapid7.com:2026-09-16,Listed in a table of malware hashes as an IOC.
sha256,d53c760c23b4405eb04ad0f20ead375440344b3bdf1fb7854ed12e40d155eabe,high,2026-09-16T02:04:55.793732+00:00,2026-09-16T02:04:55.793732+00:00,1,www.rapid7.com:2026-09-16,Listed in a table of malware hashes as an IOC.
sha256,ed72f4cd8d467b5c5d95ae6aeca4aaeea14d79565d379c1ca5871a714727be16,high,2026-09-16T02:04:55.793732+00:00,2026-09-16T02:04:55.793732+00:00,1,www.rapid7.com:2026-09-16,Listed in a table of malware hashes as an IOC.
sha256,fea1bc36632c71e5a839803469ef60ac47595d36b2c50934ac109ade6df06e61,high,2026-09-16T02:04:55.793732+00:00,2026-09-16T02:04:55.793732+00:00,1,www.rapid7.com:2026-09-16,Listed as part of the attacker's toolkit
sha256,feeea9d0bf6ae7396d28271baa51ae50df5169ce5d32a516865856f91abc50b3,high,2026-09-16T02:04:55.793732+00:00,2026-09-16T02:04:55.793732+00:00,1,www.rapid7.com:2026-09-16,Listed in a table of malware hashes as an IOC.
sha256,2728a7d444cd65550f652a8c66eaced0fe6d0389161f86393ab73da8f446a362,high,2026-09-14T16:32:25.041691+00:00,2026-09-14T16:32:25.041691+00:00,1,www.rstcloud.com:2026-09-14,Identified as a Stage 2 zsh loader sample
md5,81c34eea9c853c5ec13a3b3cd4a2228b,high,2026-09-14T13:32:47.050312+00:00,2026-09-14T13:32:47.050312+00:00,1,socket.dev:2026-09-14,Listed in an IOC table as a malware sample hash.
md5,9211506ae02c9e4e75aeadfebeb4883c,high,2026-09-14T13:32:47.050312+00:00,2026-09-14T13:32:47.050312+00:00,1,socket.dev:2026-09-14,Listed in an IOC table as a malware sample hash.
sha1,5f924c0454f1fb6b2299d658c3bb4e75ce3d0b66,high,2026-09-14T13:32:47.050312+00:00,2026-09-14T13:32:47.050312+00:00,1,socket.dev:2026-09-14,Listed in an IOC table as a malware sample hash.
sha1,db9827ae2c004a4dc6009be2d009477bff5249df,high,2026-09-14T13:32:47.050312+00:00,2026-09-14T13:32:47.050312+00:00,1,socket.dev:2026-09-14,Listed in an IOC table as a malware sample hash.
sha256,239440c830e17530dda0a8a06ed2708860998750a1e3ed2239e919465dc59420,high,2026-09-14T13:32:47.050312+00:00,2026-09-14T13:32:47.050312+00:00,1,socket.dev:2026-09-14,Listed in an IOC table as a malware sample hash.
sha256,c2d6bcacc88177e0f2c8c262726f86f37e671b1692c8bc135bac4b610ddcf31a,high,2026-09-14T13:32:47.050312+00:00,2026-09-14T13:32:47.050312+00:00,1,socket.dev:2026-09-14,Listed in an IOC table as a malware sample hash.
sha1,1a279f5df4103743b823ec2a6a08436fdf63fe30,high,2026-09-13T10:02:48+00:00,2026-09-13T10:02:48+00:00,1,Sploitus:2026-09-13,Listed as a body hash associated with Brute Ratel C4
sha1,bc517bf173440dad15b99a051389fadc366d5df2,high,2026-09-13T10:02:48+00:00,2026-09-13T10:02:48+00:00,1,Sploitus:2026-09-13,Listed as a body hash associated with Brute Ratel C4
sha1,dcb32e6256459d3660fdc90e4c79e95a921841cc,high,2026-09-13T10:02:48+00:00,2026-09-13T10:02:48+00:00,1,Sploitus:2026-09-13,Listed as a body hash associated with Brute Ratel C4
sha256,636d68bd1bc19d763de95d0a6406f4f77953f9973389857353ac445e2b6fff87,high,2026-09-13T10:02:48+00:00,2026-09-13T10:02:48+00:00,1,Sploitus:2026-09-13,Listed as a body hash associated with Raccoon Stealer C2
sha256,7987d0c39c4839572ab88c6d82da01395f74e0c31f12d94c58d0e1bed0b0c75c,high,2026-09-13T10:02:48+00:00,2026-09-13T10:02:48+00:00,1,Sploitus:2026-09-13,Listed as a banner hash associated with Raccoon Stealer C2
sha1,513a907b69edffc3cb77a494da395178d21ef9bd,high,2026-09-12T12:45:25+00:00,2026-09-12T12:45:25+00:00,1,Techtimes:2026-09-12,SHA1 hash of a file used in a custom Rust backdoor with C2 capabilities
sha256,0782c1d691b485160b498887b0b196bc2a228f51f398b5271b91127c804fc392,high,2026-09-11T19:25:54.156161+00:00,2026-09-11T19:25:54.156161+00:00,1,www.papercut.com:2026-09-11,Listed among other hashes in a context suggesting they are malware samples
sha256,1d15e25718ed21d9aab74cf1fa30510fadb3c065a4444e6fb488a29f83ca1229,high,2026-09-11T19:25:54.156161+00:00,2026-09-11T19:25:54.156161+00:00,1,www.papercut.com:2026-09-11,Listed among other hashes in a context suggesting they are malware samples
sha256,1f8e1eeda1d9c34be6e7d608a2c78e420a85f72112217d8e3759a8d97cdf73e8,high,2026-09-11T19:25:54.156161+00:00,2026-09-11T19:25:54.156161+00:00,1,www.papercut.com:2026-09-11,Listed among other hashes in a context suggesting they are malware samples
sha256,2bde20ef100494cba154c38ae39020d5991b469765edb3472e56b5387b82d043,high,2026-09-11T19:25:54.156161+00:00,2026-09-11T19:25:54.156161+00:00,1,www.papercut.com:2026-09-11,Listed among other hashes in a context suggesting they are malware samples
sha256,30595f7cb15218187de91547bbdea88eccdcfa37857d6f35e37c035272b82f94,high,2026-09-11T19:25:54.156161+00:00,2026-09-11T19:25:54.156161+00:00,1,www.papercut.com:2026-09-11,Listed among other hashes in a context suggesting they are malware samples
sha256,530bba5bed0510add6be6d04c4e03759c5dc29d92f536481d1f013915bd837ee,high,2026-09-11T19:25:54.156161+00:00,2026-09-11T19:25:54.156161+00:00,1,www.papercut.com:2026-09-11,Listed among other hashes in a context suggesting they are malware samples
sha256,5483518f8c2b6668df2d9135436c66548dc96fbeb5f6f6f809f643a7128b8806,high,2026-09-11T19:25:54.156161+00:00,2026-09-11T19:25:54.156161+00:00,1,www.papercut.com:2026-09-11,Listed among other hashes in a context suggesting they are malware samples
sha256,7b5d635557c19baa234356f270da32da37c14ba03aac9f32694214e3585862d3,high,2026-09-11T19:25:54.156161+00:00,2026-09-11T19:25:54.156161+00:00,1,www.papercut.com:2026-09-11,Listed among other hashes in a context suggesting they are malware samples
sha256,9294606825e928d59fb175caf73ccd6ca693d776d645808092f26c964e7cd8dd,high,2026-09-11T19:25:54.156161+00:00,2026-09-11T19:25:54.156161+00:00,1,www.papercut.com:2026-09-11,Listed among other hashes in a context suggesting they are malware samples
sha256,a9a71d111f2233634b91e0e08fe6b6f74a09f69e73ca09df1e9189594d1b1295,high,2026-09-11T19:25:54.156161+00:00,2026-09-11T19:25:54.156161+00:00,1,www.papercut.com:2026-09-11,Listed among other hashes in a context suggesting they are malware samples
sha256,eaae9cfb9fdd774d4260b50e7d4c9de70953f7a87eecc76635994d8913f41742,high,2026-09-11T19:25:54.156161+00:00,2026-09-11T19:25:54.156161+00:00,1,www.papercut.com:2026-09-11,Listed among other hashes in a context suggesting they are malware samples
sha256,f5e8278245b6e73901de23d86032207508d6b6e4720d90406cf218566a63454f,high,2026-09-11T19:25:54.156161+00:00,2026-09-11T19:25:54.156161+00:00,1,www.papercut.com:2026-09-11,Listed among other hashes in a context suggesting they are malware samples
sha256,13382c16e2401b07451577b46e634b8031ec254d98b876e59692b5fa22abc1d4,high,2026-09-11T10:22:24+00:00,2026-09-11T19:17:34.996297+00:00,2,www.nozominetworks.com:2026-09-11|Gbhackers:2026-09-11,SHA256 hash of ARM payload executed by attacker
sha256,6fbae3505ae0d638b820165c572d548ce92dda71e82dc47e8efe13f30617f35f,high,2026-09-11T19:17:34.996297+00:00,2026-09-11T19:17:34.996297+00:00,1,www.nozominetworks.com:2026-09-11,Listed as a hash for a KATARU modern Mirai variant
sha256,9d7cd4948a1fcbaeadc425752fce9a933bd6fc41eeede030dffd7b99b3bc51d5,high,2026-09-11T19:17:34.996297+00:00,2026-09-11T19:17:34.996297+00:00,1,www.nozominetworks.com:2026-09-11,Listed as a hash for a KATARU modern Mirai variant
sha256,9d87e6615c810907443ebd5e915f3b35099c3b5c6b6c684637138a7f8ec9cebc,high,2026-09-11T19:17:34.996297+00:00,2026-09-11T19:17:34.996297+00:00,1,www.nozominetworks.com:2026-09-11,Listed as a hash for a KATARU modern Mirai variant
sha256,cc76bc218627279ecb4d0ce74ad2651e9db9e3e843e35d6569576e056e3a9218,high,2026-09-11T19:17:34.996297+00:00,2026-09-11T19:17:34.996297+00:00,1,www.nozominetworks.com:2026-09-11,SHA256 hash of loader used to deliver payload
md5,97b70e89b5313612a9e7a339ee82ab67,high,2026-09-11T17:48:47.241051+00:00,2026-09-11T17:48:47.241051+00:00,1,www.group-ib.com:2026-09-11,Listed as a hash for a backdoor file
md5,a50637f5f7a3e462135c0ae7c7af0d91,high,2026-09-11T17:48:47.241051+00:00,2026-09-11T17:48:47.241051+00:00,1,www.group-ib.com:2026-09-11,Listed as a hash for a Cobalt Strike payload
md5,c111476f7b394776b515249ecb6b20e6,high,2026-09-11T17:48:47.241051+00:00,2026-09-11T17:48:47.241051+00:00,1,www.group-ib.com:2026-09-11,Listed as a hash for a malicious file used in ransomware
sha256,0710ca983741bf6a95db1b6960c1985e45b10f276e5b26f4fae3157db283d1f3,high,2026-09-11T14:33:48.129919+00:00,2026-09-11T14:33:48.129919+00:00,1,www.group-ib.com:2026-09-11,Listed in a table of Indicators of Compromise (IOCs)
sha256,112fefc9348fa4acbb82d54d9688c96dd5671bcb2e6288c1f7f384baa8d2fdcf,high,2026-09-11T14:33:48.129919+00:00,2026-09-11T14:33:48.129919+00:00,1,www.group-ib.com:2026-09-11,Listed in a table of Indicators of Compromise (IOCs)
sha256,1f5d99864564c088a3260e54ad1728a3eadc0b509386cae200993b33673b343c,high,2026-09-11T14:33:48.129919+00:00,2026-09-11T14:33:48.129919+00:00,1,www.group-ib.com:2026-09-11,Listed in a table of Indicators of Compromise (IOCs)
sha256,4fff28eecc0ab6303e4948df77671009dda5b93ed3d1cead527b02d1317426bc,high,2026-09-11T14:33:48.129919+00:00,2026-09-11T14:33:48.129919+00:00,1,www.group-ib.com:2026-09-11,Listed in a table of Indicators of Compromise (IOCs)
sha256,61274cf9f49e04e559b267d18617d352c48ba3b1f453773ee9f30e5a4e25dbbc,high,2026-09-11T14:33:48.129919+00:00,2026-09-11T14:33:48.129919+00:00,1,www.group-ib.com:2026-09-11,Listed in a malware analysis as an IOC hash.
sha256,66499653c0fff78d81db5dc319b9aaa0288dc5d76f555a5eba73660c0ee810eb,high,2026-09-11T14:33:48.129919+00:00,2026-09-11T14:33:48.129919+00:00,1,www.group-ib.com:2026-09-11,Listed in a table of Indicators of Compromise (IOCs)
sha256,9ca27df7938f12794bab0847434482955ca9adea714a34afd315c7a7be522611,high,2026-09-11T14:33:48.129919+00:00,2026-09-11T14:33:48.129919+00:00,1,www.group-ib.com:2026-09-11,Listed in a table of Indicators of Compromise (IOCs)
sha256,ae6f6eeba2bd4cc948d24610d9447986e52f913f4b5ff960ddea26075ff621ae,high,2026-09-11T14:33:48.129919+00:00,2026-09-11T14:33:48.129919+00:00,1,www.group-ib.com:2026-09-11,Listed in a malware analysis as an IOC hash.
sha256,b769721621aed0418b193e4a00e51bc772c8383a4149d23a5425b13475e2d501,high,2026-09-11T14:33:48.129919+00:00,2026-09-11T14:33:48.129919+00:00,1,www.group-ib.com:2026-09-11,Listed in a malware analysis as an IOC hash.
md5,528cd4e69ecfa5191adbcf6ef28667bf,high,2026-09-11T10:05:52+00:00,2026-09-11T10:05:52+00:00,1,Bloglab.360:2026-09-11,Listed as a malware file hash used in the attack.
md5,974decb9ff4c8f9ccb0937c96d513347,high,2026-09-11T10:05:52+00:00,2026-09-11T10:05:52+00:00,1,Bloglab.360:2026-09-11,Listed as a malware file hash used in the attack.
md5,a6437ac3d6798090a218520985d36a3f,high,2026-09-11T10:05:52+00:00,2026-09-11T10:05:52+00:00,1,Bloglab.360:2026-09-11,Listed as a malware file hash used in the attack.
md5,ce870a91e8d27e8f663f0687abc60b04,high,2026-09-11T10:05:52+00:00,2026-09-11T10:05:52+00:00,1,Bloglab.360:2026-09-11,Listed as a malware file hash used in the attack.
md5,fc92dfafa7aa741c5f2b9cbcf75d1d19,high,2026-09-11T10:05:52+00:00,2026-09-11T10:05:52+00:00,1,Bloglab.360:2026-09-11,Listed as a malware file hash used in the attack.
sha256,29c7ee41d0cc9e07d981e451df56d0c3d37c41ac4ec10c7b516cc033ee397a63,high,2026-09-11T07:14:09+00:00,2026-09-11T07:14:09+00:00,1,Thehackernews:2026-09-11,Malicious DLL loader
sha256,749160a2f20f82744026719cf72e483595c6aad718efa74d675a98662e02422e,high,2026-09-11T07:14:09+00:00,2026-09-11T07:14:09+00:00,1,Thehackernews:2026-09-11,Encrypted payload file
sha256,d7a3c7eb94edc0e020f74c678743d71d61e944634aade4a67a96c3589e828b3a,high,2026-09-11T07:14:09+00:00,2026-09-11T07:14:09+00:00,1,Thehackernews:2026-09-11,GRAYRABBIT backdoor
sha256,690f5031deede7d3357d0ca24c89866ae8c60e6c63b3a2c8bba813a6ac10ae5b,high,2026-09-11T07:11:14+00:00,2026-09-11T07:11:14+00:00,1,Securityaffairs.Co:2026-09-11,Referenced as the SHA-256 of an Impacket binary used by the attacker
sha1,51e4307093f8ca8854359c0ac882ddca427a813c,high,2026-09-10T18:33:18.239568+00:00,2026-09-10T18:33:18.239568+00:00,1,www.microsoft.com:2026-09-10,SHA1 of samples analyzed related to WannaCrypt attacks
sha1,e889544aff85ffaf8b0d0da705105dee7c97fe26,high,2026-09-10T18:33:18.239568+00:00,2026-09-10T18:33:18.239568+00:00,1,www.microsoft.com:2026-09-10,SHA1 of samples analyzed related to WannaCrypt attacks
sha256,84114420fc4a73b25f6d70d44893bf7a5d5ac7d7418dcca1e5574681cee85c36,high,2026-09-10T17:34:55+00:00,2026-09-10T17:34:55+00:00,1,Cyfirma:2026-09-10,SHA256 hash identified in YARA rule for NyxStealer malware
sha256,00c116e498799dc831c8aeb602349296c4b9325535d674fe2b6e2e091878dcec,high,2026-09-10T16:08:43+00:00,2026-09-10T16:08:43+00:00,1,Zscaler:2026-09-10,"SHA256 hash of SloppyRAT DLL, indicating malware sample"
sha256,1439990ff65364a0f608a322aa3a493bc1683cb5fc30cffc44948da29623fffd,high,2026-09-10T16:08:43+00:00,2026-09-10T16:08:43+00:00,1,Zscaler:2026-09-10,"SHA256 hash of SloppyRAT DLL, indicating malware sample"
sha256,2f3d95de716f330fad2330d8787ebdbecb3322453bdc41b2113427f9f92d32d2,high,2026-09-10T16:08:43+00:00,2026-09-10T16:08:43+00:00,1,Zscaler:2026-09-10,"SHA256 hash of SloppyRAT DLL, indicating malware sample"
sha256,3a8994928f512fffcb32e117ac45e0ee093541d99a9dba5f69a264f7f3054b19,high,2026-09-10T16:08:43+00:00,2026-09-10T16:08:43+00:00,1,Zscaler:2026-09-10,"SHA256 hash of SloppyRAT DLL, indicating malware sample"
sha256,466f9b8dce77b3a026fe4f833aa4949784fb854bea4137e52609e857d439dec8,high,2026-09-10T16:08:43+00:00,2026-09-10T16:08:43+00:00,1,Zscaler:2026-09-10,"SHA256 hash of SloppyRAT DLL, indicating malware sample"
sha256,4ecb2d06510dfee1b67f5d9a68c60f6d09ddb5be36cc1766a41d77c5b89d3a56,high,2026-09-10T16:08:43+00:00,2026-09-10T16:08:43+00:00,1,Zscaler:2026-09-10,"SHA256 hash of SloppyRAT DLL, indicating malware sample"
sha256,518cd57a303ff7ac2b5c4c8439aa5bcbf9a287d4653de7b76051bde73a94d064,high,2026-09-10T16:08:43+00:00,2026-09-10T16:08:43+00:00,1,Zscaler:2026-09-10,"SHA256 hash of SloppyRAT DLL, indicating malware sample"
sha256,607212cfe73c5c84b2dd95b2c0ff37a47f4c8aad08e6d5cbb7c19a62c6b765f9,high,2026-09-10T16:08:43+00:00,2026-09-10T16:08:43+00:00,1,Zscaler:2026-09-10,"SHA256 hash of SloppyRAT DLL, indicating malware sample"
sha256,680c3a9f5fdddfcc34856c7a67d21bbdd2b47d70bdfb829ff59cfa0e3bc72d21,high,2026-09-10T16:08:43+00:00,2026-09-10T16:08:43+00:00,1,Zscaler:2026-09-10,"SHA256 hash of SloppyRAT DLL, indicating malware sample"
sha256,6d50bb50d4e7d6ac36ca6d2761f382be8e1ddbebf3cdf4733cf989ba291f9013,high,2026-09-10T16:08:43+00:00,2026-09-10T16:08:43+00:00,1,Zscaler:2026-09-10,"SHA256 hash of SloppyRAT DLL, indicating malware sample"
sha256,7bb025b426ae6ccbc170fbca58634b8dd77a61447e48dabe9c2e2fb0d339d8b7,high,2026-09-10T16:08:43+00:00,2026-09-10T16:08:43+00:00,1,Zscaler:2026-09-10,"SHA256 hash of SloppyRAT DLL, indicating malware sample"
sha256,8774533134d9d1514106c4090a0c5bccab4550facdcfe03f4e02b9764343a990,high,2026-09-10T16:08:43+00:00,2026-09-10T16:08:43+00:00,1,Zscaler:2026-09-10,"SHA256 hash of SloppyRAT DLL, indicating malware sample"
sha256,93273ea09bd9df881a594db8cfe1b1bbc54f40f623f44427278ae96fb9b46490,high,2026-09-10T16:08:43+00:00,2026-09-10T16:08:43+00:00,1,Zscaler:2026-09-10,"SHA256 hash of SloppyRAT DLL, indicating malware sample"
sha256,971f25f84be88c4fd304d555b5e3da12f6b368e4b9ba0943961ff21ba6fa4d4d,high,2026-09-10T16:08:43+00:00,2026-09-10T16:08:43+00:00,1,Zscaler:2026-09-10,"SHA256 hash of SloppyRAT DLL, indicating malware sample"
sha256,9f84cfcf988530941555d1cb7780a091743cf567396201eff7731f5475768f9a,high,2026-09-10T16:08:43+00:00,2026-09-10T16:08:43+00:00,1,Zscaler:2026-09-10,"SHA256 hash of SloppyRAT DLL, indicating malware sample"
sha256,a13fcbb0870f2fabb7e0a8c757ee3b763bd4a4b0cdf59eeff981d8e307fcf316,high,2026-09-10T16:08:43+00:00,2026-09-10T16:08:43+00:00,1,Zscaler:2026-09-10,"SHA256 hash of SloppyRAT DLL, indicating malware sample"
sha256,bdcf8fe230e23692b658b62b6547374e2234f2a497b19d26637018a1839e6dfd,high,2026-09-10T16:08:43+00:00,2026-09-10T16:08:43+00:00,1,Zscaler:2026-09-10,"SHA256 hash of SloppyRAT DLL, indicating malware sample"
sha256,c0ef62a2d5ca11c2eedad3561d5d1d8b6e9847aa6b8613493e5bc233ece3d189,high,2026-09-10T16:08:43+00:00,2026-09-10T16:08:43+00:00,1,Zscaler:2026-09-10,"SHA256 hash of SloppyRAT DLL, indicating malware sample"
sha256,cb9930d0cde5bf8e8a7ad08fe2c60b937c7beaf9ab51b03191dfcaba40b7b189,high,2026-09-10T16:08:43+00:00,2026-09-10T16:08:43+00:00,1,Zscaler:2026-09-10,"SHA256 hash of SloppyRAT DLL, indicating malware sample"
sha256,eaa52d2d6d4daf29157e8e813247fb2e92797324230ee42c79f7861b2f5c341d,high,2026-09-10T16:08:43+00:00,2026-09-10T16:08:43+00:00,1,Zscaler:2026-09-10,"SHA256 hash of SloppyRAT DLL, indicating malware sample"
sha256,f534a957edec74d69081665309311b791b6d11a3221fffa67744812d73ad98eb,high,2026-09-10T16:08:43+00:00,2026-09-10T16:08:43+00:00,1,Zscaler:2026-09-10,"SHA256 hash of SloppyRAT DLL, indicating malware sample"
sha256,ff142fc192daa2a83bc565e5b38ebbe05561f3a19c7fc2d08e38c97e1986bbc5,high,2026-09-10T16:08:43+00:00,2026-09-10T16:08:43+00:00,1,Zscaler:2026-09-10,"SHA256 hash of SloppyRAT DLL, indicating malware sample"
sha256,63be5f38b520b3143732962a5f8fec1f9abd1f483dbc741ed324e58f955dd35e,high,2026-09-10T12:58:10+00:00,2026-09-10T12:58:10+00:00,1,Isc.Sans.Edu:2026-09-10,SHA-256 hash of a malware sample analyzed in the report
